e_code,status,hire_date,service_agreement,job_level,performance_rating_2018,performance_rating_2017,year_of_birth,gender,distance_from_home,manager_changes,no_of_promotions,risk_of_attrition,potential_rating,bonus,no_courses_taken,time_in_position,awards,signon,manager_sat,employee_sat,salary_2017,salary_2018
45631,0,1990-09-17,N,3,4,3,1967,M,0.52,1,2,2,5,0,8,30,N,N,81,80,119968,124173
45632,0,1995-10-23,N,2,1,2,1971,M,0.08,4,3,2,5,2242,6,5,N,N,88,84,99330,100822
45633,0,1996-03-10,N,2,4,4,1972,M,0.51,2,0,3,3,0,2,53,N,N,83,93,102511,115500
45634,0,1998-07-13,N,1,3,3,1968,F,0.81,1,0,2,5,2320,2,36,N,N,86,83,56674,58806
45635,0,1991-09-16,N,2,3,3,1961,M,0.06,4,0,2,5,0,10,2,N,N,79,80,122021,122021
45636,0,1981-08-04,N,2,2,3,1961,F,0.29,3,1,2,5,0,2,49,N,N,79,81,123803,126595
45638,0,1984-09-28,N,3,5,3,1961,M,0.35,0,0,2,5,2644,2,63,N,N,85,98,154572,159212
45639,0,1998-01-12,N,3,3,3,1966,M,1.18,3,0,2,3,0,4,5,N,N,89,73,129505,132746
45642,0,1998-08-05,N,1,2,2,1976,M,0.17,9,0,2,5,0,2,19,N,N,86,71,77048,78401
45643,0,2008-08-11,Y,3,5,4,1980,M,0.28,5,1,2,4,0,2,4,N,N,79,87,150289,165000
45646,0,2000-12-14,N,1,3,3,1970,M,2.84,3,0,2,3,4107,3,48,N,N,82,80,79200,82771
45647,0,1992-08-31,N,1,3,3,1963,M,0.02,1,4,2,5,0,2,33,N,N,83,80,76646,78949
45648,0,1995-11-13,N,1,2,2,1967,M,0.98,3,0,2,5,0,7,135,N,N,81,74,75418,76930
45649,0,2002-03-12,N,1,5,4,1977,M,0.18,7,1,2,3,2969,16,5,N,N,92,81,53024,57803
45650,0,2002-10-18,N,2,3,3,1964,M,0.35,7,0,2,5,2899,2,51,N,N,84,80,93813,96631
45651,0,1997-03-31,N,1,4,4,1971,F,0.39,6,3,2,3,0,2,48,N,N,82,80,85800,91377
45652,0,1999-04-19,N,1,1,1,1970,M,0.08,5,0,2,5,2861,2,115,Y,N,90,80,56635,56635
45653,0,2001-02-20,Y,1,4,3,1974,M,1.51,12,0,2,2,0,11,3,N,N,84,74,54780,62997
45654,0,1998-03-09,N,2,1,1,1974,M,0.5,6,2,2,5,2321,7,5,N,N,80,73,65122,65122
45655,0,1999-03-15,N,1,3,3,1973,M,0.72,2,0,2,5,3323,4,39,N,N,90,96,90598,92413
45656,0,2003-11-21,N,3,4,3,1979,M,1.03,2,1,3,4,0,4,30,N,N,83,82,128700,132561
45657,0,1988-05-09,N,2,4,3,1961,M,0.67,2,0,2,5,3687,9,60,N,N,83,77,84269,87641
45658,0,1994-04-25,N,2,1,2,1967,F,0.63,6,0,2,5,0,2,80,N,N,76,80,96109,112200
45659,0,2000-03-28,N,2,1,2,1976,F,0.82,5,3,2,5,0,5,10,N,N,79,97,89760,99000
45660,0,1997-07-21,N,1,1,2,1975,M,0.07,4,0,2,2,0,0,27,N,N,79,80,109151,109151
45661,0,1999-01-18,N,3,1,2,1969,F,0.08,0,0,2,5,0,1,38,N,N,83,80,161700,161700
45663,0,1996-06-24,N,3,3,3,1966,M,0.16,3,0,2,3,543,0,64,N,N,82,75,182365,187836
45665,0,2007-11-07,N,1,5,4,1959,F,0.12,2,0,3,3,0,7,50,N,N,81,80,76897,81127
45668,0,1986-12-22,Y,2,4,4,1964,M,0.69,2,4,2,5,4461,4,9,Y,N,78,77,99000,104947
45670,0,1988-02-28,N,1,1,2,1960,M,0.67,2,1,2,5,2650,7,51,N,N,79,80,68878,70086
45672,0,1997-06-19,N,1,3,3,1970,F,0.19,3,0,3,4,0,5,5,N,N,79,80,81702,95700
45673,0,1999-04-19,N,1,3,3,1969,F,0.43,1,0,3,5,0,3,230,N,N,84,80,108715,111890
45674,0,1988-05-31,N,3,1,2,1965,M,0.44,2,0,2,5,3400,1,17,N,N,85,91,122100,125770
45675,0,1998-07-14,N,1,1,2,1971,M,0.61,2,0,2,2,0,1,30,N,N,84,80,107666,107666
45677,0,2002-04-01,N,2,2,3,1959,M,0.07,2,0,2,5,0,4,146,N,N,81,81,88301,91615
45678,0,1982-09-20,N,1,4,3,1960,M,1.04,4,0,2,5,0,2,58,N,N,92,80,84533,87285
45679,0,1992-03-23,N,2,3,3,1967,F,0.37,2,1,2,5,0,5,61,N,N,89,80,84526,95700
45680,0,1990-06-04,N,2,1,2,1959,F,0.17,1,0,2,3,0,0,58,Y,N,79,80,101449,101449
45681,0,1995-08-18,N,3,4,3,1972,M,0.24,4,0,2,4,3492,6,5,N,N,87,78,82500,102300
45682,0,2000-11-13,N,2,3,3,1975,M,20.91,1,0,2,3,0,2,12,N,N,79,80,115500,118681
45684,0,2001-03-12,N,2,5,4,1978,F,0.36,1,0,3,4,0,2,54,N,N,91,94,123427,128964
45686,0,2009-11-10,N,1,3,3,1970,M,0.57,1,0,3,5,3865,2,38,N,N,98,80,75742,78408
45687,0,1988-05-25,N,1,4,3,1961,M,0.77,4,0,2,3,3587,7,5,N,N,92,92,72435,75154
45688,0,2002-05-09,N,1,2,2,1979,F,1.21,4,2,2,3,2520,9,2,N,N,77,81,51810,53625
45689,0,1988-05-02,N,1,5,4,1964,M,0.05,2,0,2,3,0,7,89,N,N,76,80,94433,99159
45690,0,1992-01-20,N,4,1,2,1968,M,0.97,4,0,3,5,0,0,63,N,N,79,77,195023,195023
45691,0,2002-08-01,N,3,3,3,1973,M,0.49,4,0,2,4,0,6,31,N,N,88,82,102498,106603
45692,0,1994-11-02,N,2,4,3,1962,M,0.51,2,0,2,5,0,1,124,N,N,79,91,107012,110227
45693,0,1997-11-10,N,2,3,3,1971,M,0.17,2,1,3,5,0,3,2,N,N,79,80,125433,138600
45694,0,2001-07-16,N,1,2,2,1971,M,2.63,2,0,2,5,307,2,4,N,N,80,82,62080,63327
45695,0,2001-03-13,N,1,2,2,1977,M,0.61,8,0,2,3,0,4,28,N,N,89,76,63063,66370
45696,0,1994-10-10,N,1,5,4,1968,M,0.99,0,0,3,4,2995,2,113,N,N,90,100,69683,74567
45697,0,1998-10-26,N,1,3,3,1970,F,0.42,4,0,3,4,2232,2,37,N,N,98,80,99000,99000
45698,0,1983-10-07,N,1,3,3,1959,M,0.21,4,0,2,5,3845,13,5,N,N,78,86,64456,66713
45699,0,2002-07-15,N,1,3,3,1980,M,1.31,4,2,3,3,2156,10,5,N,N,77,71,55084,57288
45700,0,2000-06-29,N,1,4,4,1968,M,0.87,2,0,3,4,4997,1,114,N,N,90,88,69076,85800
45702,0,1987-04-06,N,1,3,3,1962,M,0.36,5,0,2,3,3709,8,5,N,N,78,79,66225,68713
45703,0,1998-05-11,N,1,2,3,1971,F,0.33,2,0,3,4,4784,2,184,Y,N,90,93,64931,67855
45704,0,1996-07-25,N,4,4,4,1967,M,17.06,2,0,2,3,0,2,34,N,N,79,83,240247,255869
45705,0,2000-10-16,N,2,3,3,1974,M,0.29,2,1,2,4,2734,2,29,N,N,88,93,94255,98030
45706,0,1994-07-05,N,1,3,3,1959,M,0.38,3,0,2,5,1168,7,38,N,N,76,75,96855,99528
45707,0,1993-03-29,N,2,1,2,1969,M,0.4,4,4,2,3,0,7,27,N,N,82,74,102472,104267
45708,0,1986-06-30,N,1,2,2,1964,M,0.26,3,0,2,5,0,2,38,N,N,85,80,78045,79411
45712,0,2000-11-27,N,1,3,3,1975,F,0.1,6,0,3,4,0,5,15,N,N,78,77,69300,72593
45713,0,1998-09-28,N,1,5,4,1961,F,0.38,5,2,2,2,1288,6,2,N,N,89,80,85391,105600
45714,0,1978-10-02,N,2,2,3,1960,M,0.48,4,0,2,5,0,10,5,Y,N,83,82,102300,102300
45715,0,1998-09-28,N,1,5,4,1971,M,0.56,5,1,2,5,0,3,59,N,N,77,71,88288,93588
45716,0,1998-05-26,N,1,2,3,1976,F,0.09,10,0,2,5,0,5,13,N,N,78,77,69300,72079
45717,0,2014-05-05,N,1,2,2,1965,F,0.1,8,0,4,5,0,4,28,N,N,84,80,83167,93720
45718,0,1995-10-16,N,1,3,3,1972,M,0.35,1,1,2,4,0,4,71,N,N,79,80,84586,87549
45720,0,2000-04-10,N,2,1,2,1977,M,34.9,3,0,2,5,0,3,58,N,N,78,88,132924,132924
45721,0,1989-01-09,N,1,3,3,1962,M,0.1,1,0,2,5,0,2,4,N,N,85,80,77240,89107
45722,0,1979-06-11,N,4,1,2,1960,M,0.2,0,3,2,5,0,5,63,N,N,83,85,196436,200369
45723,0,1986-04-16,N,1,1,2,1965,M,1.37,6,1,2,5,0,4,71,N,N,79,80,101482,101482
45724,0,1985-09-16,N,1,5,4,1964,M,0.15,4,2,2,2,1092,5,2,N,N,89,80,80596,105600
45726,0,1997-03-10,N,1,3,3,1972,M,0.33,5,1,3,5,0,4,31,N,N,86,77,77847,80771
45727,0,2002-02-11,N,1,3,3,1964,F,1.19,2,0,3,5,0,1,196,N,N,84,80,91839,95284
45728,0,1986-09-26,N,3,3,3,1965,M,0.42,4,3,2,4,0,2,31,N,N,83,85,135307,181500
45729,0,1997-07-16,N,3,2,2,1970,M,0.5,1,0,3,5,0,5,31,N,N,91,74,105376,105376
45730,0,1984-05-18,N,1,4,3,1962,M,5.76,5,0,2,5,1617,2,14,N,N,83,80,69135,71900
45731,0,1996-08-28,N,1,2,2,1969,M,0.32,6,0,2,5,2665,5,5,N,N,87,72,62812,63446
45732,0,2002-07-08,N,2,2,2,1978,M,0.37,5,1,2,4,3146,13,5,N,N,80,90,79061,80645
45733,0,2012-04-09,N,1,4,4,1967,M,0.36,5,0,3,4,0,2,28,N,N,79,80,95581,99884
45734,0,1999-04-26,N,1,3,3,1966,M,0.56,4,0,2,5,1755,2,16,N,N,83,80,59189,66000
45735,0,2002-11-22,N,1,4,4,1977,M,0.82,3,2,2,4,1765,6,4,N,N,80,93,85668,91239
45736,0,2002-03-14,N,3,3,3,1970,M,2.85,7,1,2,3,0,3,31,N,N,82,80,104498,108418
45737,0,1993-08-02,N,1,1,2,1969,M,0.0,6,1,3,3,1646,1,28,N,N,100,80,72600,74422
45738,0,1995-07-24,N,1,3,3,1962,M,0.87,1,0,3,3,0,3,277,N,N,92,80,108042,111019
45739,0,2011-04-25,N,1,2,2,1976,M,0.43,3,0,3,5,2056,2,38,N,N,98,80,64607,66594
45740,0,1994-10-10,N,4,3,3,1965,M,0.23,8,0,2,5,0,5,64,N,N,79,74,152196,159047
45741,0,1996-05-13,N,1,3,3,1971,F,0.51,9,1,2,5,0,5,44,N,N,79,80,78883,81847
45742,0,1990-04-09,N,1,4,3,1959,M,0.43,2,2,2,5,2209,7,54,N,N,81,80,75049,77332
45743,0,1996-04-08,N,1,3,3,1969,M,0.4,4,0,2,3,4148,7,5,N,N,78,80,65802,68105
45744,0,2000-05-15,N,1,3,3,1973,M,0.39,4,0,3,3,0,2,28,N,N,85,80,104019,106881
45747,0,1988-04-27,N,3,4,3,1965,M,0.5,6,0,2,3,0,0,7,N,N,77,83,198000,198000
45748,0,1988-07-18,N,2,3,3,1962,F,0.71,2,0,2,5,2022,7,62,N,N,83,80,97746,101416
45749,0,1998-09-28,N,2,4,4,1969,M,10.02,2,1,3,3,326,3,3,N,N,78,80,82909,104445
45750,0,1999-05-30,N,3,3,3,1973,M,0.67,0,1,3,4,0,6,63,N,N,77,78,119354,124133
45751,0,2000-11-13,N,2,1,1,1977,M,0.88,6,0,3,5,0,2,55,N,N,79,79,79853,79853
45752,0,2002-12-16,N,2,2,2,1979,M,0.65,3,5,2,5,1971,12,5,N,N,82,73,86216,88037
45753,0,1996-12-02,N,2,4,3,1962,F,0.45,5,0,2,5,1852,8,54,N,N,83,80,83675,88070
45754,0,1998-10-20,N,3,3,3,1970,M,0.62,5,0,3,3,2458,3,62,N,N,85,88,109514,112801
45755,0,1994-07-08,N,2,3,3,1971,F,0.69,4,0,2,3,0,6,27,N,N,83,78,75874,78910
45756,0,1997-05-27,N,4,1,1,1972,M,0.0,5,0,3,3,0,5,57,N,N,79,73,132429,132429
45757,0,1997-07-29,N,1,4,3,1970,M,0.47,2,0,2,2,2708,6,4,Y,N,83,80,60667,69300
45758,0,1990-09-17,N,2,1,2,1961,M,0.36,8,1,4,3,0,10,34,N,N,85,80,111184,112193
45759,0,1988-03-21,N,2,1,4,1968,F,1.68,4,0,4,3,3534,12,30,Y,N,87,95,75167,81187
45760,0,1987-02-02,N,3,4,3,1959,M,1.9,0,1,2,5,2637,3,30,Y,N,85,71,148111,152559
45762,0,2000-07-07,N,1,2,2,1976,M,0.37,2,2,2,4,0,4,86,N,N,81,90,61822,63063
45763,0,2002-03-19,N,1,4,3,1962,F,0.74,1,0,3,5,0,2,5,N,N,87,80,52800,62700
45766,0,1994-12-27,N,4,4,3,1965,M,0.68,5,0,2,3,418,1,3,N,N,79,92,200779,217140
45769,0,1995-05-26,N,1,1,2,1960,M,0.15,6,0,3,3,0,2,278,N,N,79,95,75623,76950
45770,0,1993-03-24,N,1,3,3,1964,M,0.29,4,0,3,4,2600,4,50,N,N,84,83,110412,110412
45771,0,1992-11-30,N,2,2,3,1959,M,0.09,2,0,2,5,0,7,19,N,N,86,86,117256,120773
45774,0,1999-12-13,N,1,4,3,1978,M,0.77,2,1,3,3,1921,4,28,N,N,88,80,66330,68990
45775,0,2002-10-30,N,1,4,4,1972,M,0.16,4,3,2,4,0,10,4,Y,N,77,75,78309,83404
45777,0,2007-05-01,Y,1,3,3,1974,M,0.21,3,2,3,5,1266,9,3,N,N,77,89,49342,60720
45778,0,1998-09-08,N,1,5,4,1974,F,1.36,4,0,3,3,0,3,5,N,N,87,80,66000,76560
45779,0,1996-09-10,N,4,5,4,1973,M,1.25,5,0,2,3,0,5,10,N,N,79,91,171600,182754
45780,0,1996-04-22,N,1,4,4,1969,M,0.35,2,0,2,5,2358,2,51,N,N,79,80,65472,69729
45781,0,1998-04-20,N,1,4,3,1973,M,0.4,3,0,2,3,0,4,11,N,N,82,83,59446,62271
45782,0,2000-06-30,N,1,4,3,1976,M,0.59,5,0,3,3,0,3,82,N,N,82,87,71326,74006
45783,0,2013-08-16,N,1,1,4,1975,F,0.64,4,0,2,4,0,6,3,Y,N,82,85,42900,56100
45784,0,2013-04-29,N,1,5,4,1976,F,0.19,0,2,3,4,0,7,61,N,N,80,80,96954,101323
45785,0,2003-05-30,N,1,3,3,1979,M,0.3,2,0,2,4,3083,2,79,N,N,90,92,69683,72824
45786,0,2003-06-12,N,1,2,2,1980,M,1.87,4,2,2,3,0,6,28,N,N,82,89,56100,57790
45787,0,2003-06-23,Y,1,4,3,1968,M,0.18,5,0,2,5,0,4,17,N,N,85,91,68660,71240
45788,0,2003-06-30,N,1,4,3,1976,F,0.32,6,0,2,5,0,6,60,N,N,81,86,57565,59869
45789,0,2003-07-24,N,2,1,4,1978,M,1.0,4,1,3,4,2181,3,8,N,N,85,85,91826,97799
45790,0,2003-07-28,N,1,1,4,1972,M,0.43,2,1,3,4,0,2,50,N,N,82,88,62700,67406
45791,0,2003-08-04,N,2,1,2,1979,M,0.75,4,1,3,3,2508,12,5,N,N,78,74,66456,68119
45792,0,2003-08-18,N,1,4,3,1980,M,0.32,3,0,2,3,0,8,3,N,N,81,85,40597,56100
45793,0,2003-10-17,N,1,2,2,1969,M,0.37,5,0,2,5,0,2,18,N,N,85,86,57427,59011
45795,0,2003-11-25,N,3,4,3,1974,F,0.38,3,1,3,4,0,2,30,N,N,83,82,118800,123262
45796,0,2003-12-08,N,2,3,3,1977,F,0.19,11,1,2,3,3546,11,5,N,N,76,74,74243,77220
45797,0,2003-12-15,Y,2,3,3,1977,M,0.6,11,0,2,4,2198,3,8,Y,N,82,81,85800,89232
45798,0,2004-01-07,N,3,3,3,1975,M,0.51,3,0,2,4,2513,1,32,N,N,85,86,128443,132297
45799,0,2004-02-03,Y,2,5,4,1980,M,0.3,5,2,3,4,3179,12,5,N,N,92,78,67987,74448
45800,0,2004-01-29,N,1,1,4,1977,M,0.53,7,0,2,3,0,4,56,N,N,82,73,58555,63538
45801,0,2004-02-16,N,1,1,2,1968,M,0.57,10,2,3,5,2626,4,50,N,N,79,98,79986,80989
45802,0,2004-02-20,N,2,4,3,1975,M,3.7,5,0,2,3,3245,14,5,N,N,84,82,72600,75511
45803,0,2004-03-15,N,2,4,3,1978,M,0.67,6,4,3,5,2082,12,2,N,N,86,70,66799,77220
45804,0,2004-03-15,N,1,1,4,1977,F,1.02,2,3,3,4,1551,4,16,N,N,85,80,56100,60872
45805,0,2004-05-13,N,2,3,3,1977,M,0.21,5,0,3,4,3516,5,5,N,N,78,88,66719,69722
45806,0,2008-03-24,N,2,1,4,1965,F,0.24,0,4,2,5,4170,13,2,N,N,77,76,60799,79200
45807,0,2004-06-29,N,1,4,3,1982,M,3.54,5,0,2,3,0,2,13,N,N,81,79,57387,59684
45808,0,2005-10-10,N,1,3,3,1976,M,0.48,12,0,2,5,0,1,27,N,N,79,80,78560,80923
45809,0,2004-07-09,N,2,3,3,1979,F,0.13,8,0,2,3,0,2,17,N,N,80,85,109303,115500
45810,0,2014-08-20,Y,2,3,3,1975,M,3.18,4,0,3,3,1895,8,6,N,N,84,95,62700,66027
45811,0,2004-09-13,N,1,3,3,1978,M,3.73,6,2,3,3,3730,2,51,N,N,85,80,80276,82606
45812,0,2004-09-22,Y,2,3,3,1981,M,0.49,4,4,4,4,3011,6,5,N,N,77,75,101878,105956
45813,0,2004-10-25,N,1,1,4,1973,M,1.25,4,0,2,4,0,5,60,N,N,81,72,55711,59895
45814,0,2004-11-01,N,2,3,3,1964,M,1.39,1,0,2,4,2103,5,29,N,N,80,82,72105,75352
45815,0,2004-11-08,N,1,3,3,1981,M,0.43,5,0,4,3,0,4,48,N,N,79,80,85199,96070
45816,0,2004-11-23,N,1,3,3,1982,M,20.87,5,0,2,3,0,3,12,N,N,81,76,56100,58766
45817,0,2004-11-29,N,1,2,2,1981,M,1.68,5,1,2,5,0,6,11,N,N,85,77,59308,61387
45818,0,2004-12-01,N,2,1,4,1981,F,0.05,8,0,2,4,0,7,4,N,N,82,84,79200,95700
45819,0,2016-06-20,Y,1,2,2,1982,M,0.18,4,0,3,5,0,4,3,N,N,78,80,69300,82500
45820,0,2004-12-21,N,1,2,2,1980,M,0.61,7,0,2,3,0,3,17,N,N,84,86,57149,58865
45821,0,2008-12-29,N,1,2,2,1975,M,0.49,15,0,3,3,2909,9,2,N,N,90,80,50800,52325
45822,0,2005-01-17,N,1,4,3,1980,M,0.54,4,3,3,5,0,4,50,N,N,85,83,56100,59189
45823,0,2005-01-17,N,3,5,4,1980,M,0.16,6,5,2,4,0,3,9,N,N,79,80,115500,158400
45824,0,2005-02-07,N,1,5,4,1977,M,0.55,0,4,3,4,0,2,2,N,N,92,80,80540,99000
45825,0,2005-03-01,N,1,4,4,1980,F,0.61,3,1,2,4,0,4,5,N,N,88,81,68033,73821
45826,0,2005-03-01,Y,1,1,2,1983,M,7.05,4,5,2,3,2766,9,5,N,N,78,82,65163,66799
45827,0,2005-05-02,N,1,2,3,1982,F,0.49,5,1,3,5,2433,8,75,N,N,79,80,68534,71623
45828,0,2005-05-04,N,2,3,3,1981,M,0.6,5,3,3,3,3774,5,5,N,N,86,77,67280,70481
45829,0,2017-01-19,N,1,3,4,1980,M,1.14,3,0,3,4,0,3,17,N,N,85,88,56100,60872
45830,0,2005-05-31,N,1,3,3,1979,F,0.52,2,2,3,5,3182,1,37,N,N,98,80,56047,59103
45831,0,2005-06-08,N,2,3,3,1969,M,0.5,6,3,2,4,3938,9,5,N,N,89,74,73854,77181
45832,0,2005-06-13,N,1,2,2,1979,F,0.78,1,7,3,5,0,2,51,N,N,85,77,56100,58912
45833,0,2005-06-30,N,1,4,3,1982,M,0.28,5,2,2,5,2775,9,5,N,N,78,92,61189,63835
45834,0,2005-07-05,N,1,4,3,1982,F,0.24,7,0,2,3,0,4,86,N,N,82,73,65254,67868
45835,0,2005-08-02,N,1,3,3,1982,M,1.21,2,0,2,4,1917,0,36,N,N,86,85,54391,57658
45836,0,2005-08-08,N,1,4,3,1982,M,0.27,4,2,2,4,0,7,15,N,N,85,88,52800,55711
45837,0,2005-08-16,N,2,4,3,1973,M,0.28,6,0,4,5,1800,6,5,N,N,89,83,46200,47593
45838,0,2011-01-04,N,1,5,4,1981,F,0.26,3,2,2,4,0,6,14,N,N,82,87,56100,60872
45839,0,2005-08-22,Y,1,2,2,1981,M,0.26,4,10,2,2,2054,7,2,N,N,78,80,66990,77220
45840,0,2005-09-06,N,2,3,3,1959,M,0.49,1,0,3,3,0,5,68,N,N,87,88,138890,142712
45841,0,2005-09-26,Y,1,4,3,1982,M,2.37,2,4,2,4,0,4,25,N,N,82,80,56100,58766
45842,0,2005-09-30,N,2,5,4,1966,M,0.29,2,1,2,3,0,4,12,N,N,95,96,99000,105442
45843,0,2006-01-16,N,1,4,3,1982,M,0.44,9,0,2,3,0,4,17,N,N,84,83,58535,61175
45844,0,2006-02-27,N,1,1,2,1981,M,0.55,4,1,2,5,0,2,26,N,N,76,80,65525,77880
45845,0,2006-06-12,N,1,3,3,1975,M,1.16,2,0,2,3,3936,2,37,N,N,86,80,51711,53651
45846,0,2006-07-10,N,1,4,4,1984,F,0.64,1,0,3,4,1946,5,15,N,N,82,80,52800,57031
45847,0,2006-08-18,N,1,1,2,1982,M,3.27,1,0,2,3,0,4,38,N,N,81,83,63116,64700
45848,0,2006-08-28,Y,2,2,2,1972,F,0.79,4,2,2,3,0,2,28,N,N,79,89,80725,102300
45849,0,2006-09-11,N,1,3,3,1978,F,0.37,4,0,2,3,0,1,5,N,N,83,80,79200,81979
45850,0,2006-12-04,N,1,3,3,1983,M,1.13,5,2,2,3,1983,6,28,N,N,79,80,60746,63637
45851,0,2006-12-06,Y,1,3,3,1983,F,0.24,5,0,3,4,3588,12,5,N,N,77,75,54919,57671
45852,0,2006-12-08,N,1,3,3,1975,M,0.57,8,1,2,2,1109,7,4,N,N,80,85,76659,79537
45853,0,1996-05-06,N,1,2,2,1974,F,0.12,3,0,3,4,3769,6,112,N,N,92,80,59704,60746
45854,0,1985-05-06,N,1,3,3,1963,M,0.18,4,0,2,4,9919,4,61,N,N,79,73,93126,93126
45855,0,1997-10-20,N,1,4,3,1961,M,0.24,1,0,2,3,6803,1,53,N,N,79,80,67756,69623
45856,0,1990-05-09,N,1,3,3,1961,M,0.64,2,2,2,2,1932,4,2,N,N,89,86,88671,105600
45857,0,2015-07-06,N,1,3,3,1984,M,0.59,5,0,2,5,3932,2,20,N,N,86,97,45197,52800
45858,0,2007-01-30,Y,1,5,4,1983,F,0.21,5,1,2,4,0,9,35,N,N,82,81,60397,64627
45859,0,2007-03-19,N,1,1,2,1983,M,3.69,5,1,2,3,3180,11,5,N,N,78,73,61129,65109
45860,0,2007-06-04,N,2,1,2,1982,M,0.35,2,2,3,3,2042,9,5,N,N,82,89,62040,63908
45861,0,2007-06-15,Y,1,4,3,1978,M,0.09,1,4,2,3,0,7,4,N,N,79,80,56100,69300
45862,0,2007-07-17,N,1,4,3,1984,M,3.12,8,2,2,5,0,3,44,N,N,84,79,58332,58332
45863,0,2007-12-09,N,1,4,3,1982,M,0.56,6,0,2,2,0,10,5,N,N,86,89,52800,55315
45864,0,2007-09-10,N,1,1,4,1979,M,1.09,2,0,3,5,3652,2,5,N,N,98,80,83490,86797
45865,0,2007-09-24,N,2,1,4,1983,M,0.59,6,0,2,4,4165,3,8,N,N,82,82,92400,99799
45866,0,2007-10-01,Y,1,1,2,1977,M,0.64,8,0,2,3,3730,16,5,Y,N,88,93,62700,63961
45867,0,2007-11-26,N,2,5,4,1984,M,0.28,7,0,3,4,0,2,19,N,N,77,80,115500,119770
45868,0,2007-12-03,N,1,3,3,1970,M,0.15,2,1,3,5,0,2,65,N,N,79,80,102874,105706
45869,0,2007-12-10,N,1,3,3,1959,M,0.28,6,0,3,5,0,2,38,N,N,79,80,96076,98723
45870,0,2007-12-17,N,5,2,2,1961,M,0.4,0,0,1,1,0,0,34,N,N,78,85,339900,339900
45871,0,2008-01-11,N,1,3,3,1969,F,1.12,3,4,2,3,1760,6,28,N,N,95,84,48847,51051
45872,0,2008-01-21,N,1,2,2,1984,M,0.69,2,1,3,5,0,7,34,N,N,85,89,53460,55334
45873,0,2008-06-30,N,4,4,4,1962,M,0.88,0,0,4,3,0,1,62,N,N,79,89,290618,290618
45874,0,2008-06-05,N,2,3,3,1985,M,0.51,8,4,4,4,2059,9,2,N,N,89,87,78025,81543
45875,0,2008-06-23,Y,2,5,4,1985,M,0.7,11,1,2,4,1733,11,6,N,N,81,91,60720,82500
45876,0,2008-07-17,N,5,3,4,1968,M,0.44,0,0,2,4,0,2,24,N,N,84,80,300300,300300
45877,0,2008-08-18,N,3,2,2,1959,F,31.27,2,0,2,5,0,1,26,N,N,79,87,161700,161700
45878,0,2008-10-13,N,4,2,2,1962,M,0.33,6,0,3,5,0,2,64,N,N,81,91,267604,267604
45879,0,2008-12-15,N,5,4,4,1963,F,0.32,1,0,1,1,0,1,63,N,N,84,70,189684,189684
45880,0,2009-01-05,N,3,4,3,1961,M,0.93,0,0,3,5,0,0,64,N,N,89,85,158288,161858
45881,0,2016-12-12,N,1,3,3,1972,M,0.41,2,0,2,3,0,6,20,N,N,76,80,87780,91073
45882,0,2014-10-20,N,1,2,2,1990,M,1.16,4,4,2,4,3348,10,4,N,N,77,76,52800,63644
45883,0,2009-06-19,N,2,4,4,1975,M,0.49,1,1,3,3,4821,1,54,N,N,78,80,112616,118813
45885,0,2009-10-01,Y,2,2,2,1985,M,5.78,2,2,3,4,1733,6,0,N,N,86,90,77220,77220
45886,0,2009-10-01,N,2,5,4,1979,M,1.37,1,0,2,5,0,0,4,N,N,79,80,98987,115500
45887,0,2010-01-04,N,1,3,3,1985,M,0.45,8,5,2,3,2914,20,3,Y,N,76,80,53790,55948
45888,0,2010-02-22,N,1,1,2,1965,F,0.31,1,0,2,5,0,1,2,N,N,84,80,105600,132000
45889,0,2010-03-29,Y,1,4,3,1967,M,0.27,2,6,2,4,0,3,23,N,N,89,74,79200,82177
45890,0,2010-05-14,N,2,3,3,1978,M,0.16,0,2,3,4,3049,9,5,N,N,90,74,69300,72250
45891,0,2010-07-01,N,1,1,2,1972,M,0.45,4,1,3,3,0,1,16,N,N,79,92,79200,80593
45892,0,2010-07-20,Y,1,1,2,1984,M,0.01,4,0,3,5,0,3,15,N,N,85,87,56100,57645
45893,0,2010-08-12,Y,2,1,4,1976,M,17.83,8,0,3,4,0,3,4,N,N,82,81,60720,95700
45894,0,2010-09-15,N,1,2,3,1987,M,0.56,1,3,3,3,1573,4,5,N,N,84,80,74851,85800
45895,0,2010-11-01,N,2,3,3,1984,M,1.18,5,2,2,4,3464,9,5,N,N,91,94,62700,66152
45896,0,2011-01-10,N,1,3,3,1981,F,0.18,2,0,2,3,0,5,3,N,N,85,80,62700,75900
45897,0,2011-01-03,Y,1,2,2,1978,M,0.79,1,2,3,4,0,8,13,N,N,85,85,59400,61189
45898,0,2011-01-17,N,1,4,3,1987,M,0.65,0,2,2,4,2107,11,5,N,N,78,90,41910,43903
45899,0,2011-01-10,N,1,3,3,1981,M,0.32,3,2,2,2,0,8,12,N,N,76,80,79200,82771
45900,0,2011-02-15,Y,1,4,3,1988,F,32.28,4,2,2,5,2687,16,8,N,N,78,80,66000,69637
45901,0,2011-03-09,N,4,5,4,1971,M,0.28,0,2,3,3,19853,1,7,N,N,79,78,231000,247177
45902,0,2011-03-21,N,1,4,4,1966,M,2.62,0,2,2,3,0,9,53,Y,N,77,76,87443,93133
45903,0,2011-04-18,Y,1,5,4,1986,M,0.43,2,1,2,4,2131,7,27,N,N,77,80,59585,64060
45904,0,2011-04-25,N,1,2,2,1978,M,0.63,2,0,3,5,0,2,50,N,N,85,94,56100,58912
45905,0,2015-08-17,N,1,4,3,1986,M,0.21,1,0,3,3,0,3,5,Y,N,87,80,39600,50827
45906,0,2011-07-11,N,2,2,2,1981,M,0.1,0,7,4,5,2083,1,14,N,N,93,91,118800,118800
45907,0,2012-05-29,N,1,3,3,1990,F,0.21,5,3,2,3,1627,4,16,N,N,82,80,47520,49546
45908,0,2011-07-11,Y,1,1,4,1988,F,0.55,5,0,2,4,0,4,14,Y,N,82,85,56100,60311
45909,0,2011-07-25,Y,1,4,3,1989,F,0.45,8,1,3,4,3333,7,2,N,N,77,87,47850,57090
45910,0,2011-09-06,N,3,3,3,1974,M,0.13,0,3,4,3,0,1,12,N,N,95,92,151800,157496
45911,0,2011-09-06,N,2,1,4,1974,M,2.4,6,0,3,3,3348,11,2,N,N,77,82,61998,85800
45913,0,2007-01-08,N,1,4,3,1983,M,0.22,4,0,3,5,0,1,59,Y,N,90,80,75148,77781
45914,0,1985-10-28,N,2,2,3,1962,M,0.39,1,0,3,5,0,2,81,N,N,88,89,132924,132924
45915,0,1998-05-11,N,3,3,3,1969,M,1.26,1,1,2,5,0,2,19,N,N,82,79,162367,167244
45916,0,2009-06-01,N,2,2,3,1971,M,0.74,1,0,3,3,0,1,68,N,N,89,80,105376,108537
45917,0,1999-03-29,N,1,4,3,1972,M,0.24,2,0,2,5,0,4,83,Y,N,79,80,85642,88645
45918,0,2011-09-01,N,1,3,3,1984,F,0.25,5,0,2,5,0,1,20,Y,N,79,90,88803,90585
45919,0,2001-08-20,N,3,4,3,1964,M,0.23,0,0,2,5,0,2,64,N,N,82,78,152605,157186
45920,0,2005-09-12,N,1,3,3,1979,F,0.62,2,1,2,3,0,1,19,N,N,79,89,101365,104155
45921,0,1989-03-27,N,1,1,2,1960,M,0.49,1,0,2,5,0,3,82,Y,N,79,80,88196,90407
45922,0,2008-06-09,N,1,3,3,1963,M,0.1,1,0,3,3,0,1,83,N,N,86,80,112913,112913
45923,0,2011-05-23,N,2,1,2,1959,M,0.31,2,0,2,5,0,2,11,N,N,79,86,106920,109065
45924,0,2000-08-28,N,2,3,3,1974,F,0.72,3,1,2,5,0,1,22,N,N,86,81,90902,94208
45925,0,2011-08-01,N,2,3,3,1978,M,0.49,0,1,2,3,0,1,5,N,N,86,87,103112,118800
45927,0,2006-09-18,N,1,3,3,1967,M,1.22,1,0,3,5,0,2,60,N,N,77,80,109375,112022
45928,0,2007-06-11,N,1,3,3,1975,M,0.17,1,1,2,5,274,1,61,Y,N,86,80,68832,72138
45929,0,2018-02-20,N,1,3,3,1967,F,0.52,0,0,3,2,0,1,2,N,N,79,80,74999,75900
45930,0,2010-11-01,N,2,4,3,1985,M,0.67,2,2,3,3,914,0,5,N,N,86,96,82500,95641
45931,0,2007-04-30,N,1,2,3,1970,M,1.12,1,0,2,5,0,1,71,N,N,86,100,83437,86572
45932,0,2000-07-24,N,2,1,2,1968,M,0.45,4,0,2,5,0,3,2,N,N,78,80,143913,146797
45934,0,2007-05-15,N,1,3,3,1980,F,0.82,3,2,3,5,0,1,60,N,N,77,80,78943,81853
45935,0,2008-05-28,N,1,1,2,1967,F,0.22,2,0,2,5,0,2,82,N,N,79,80,94110,95053
45936,0,2007-07-02,N,2,2,2,1979,M,17.92,2,0,2,5,0,2,39,Y,N,79,92,81979,81979
45937,0,2008-09-03,N,1,2,2,1983,F,0.78,4,1,3,5,0,2,12,Y,N,79,80,74250,76111
45938,0,2002-03-04,N,1,3,3,1969,F,0.13,0,0,3,3,0,5,83,Y,N,78,80,95529,98400
45939,0,1997-06-04,N,1,3,3,1968,M,24.64,5,0,3,3,0,1,8,N,N,79,80,99000,102472
45940,0,2000-07-03,N,2,2,2,1960,F,0.47,1,0,2,5,0,2,81,N,N,86,92,116516,118853
45942,0,2004-04-24,N,1,3,3,1980,M,0.04,2,0,4,4,0,7,8,N,N,79,80,90692,94096
45943,0,2011-11-01,N,2,2,2,1989,F,0.97,2,2,3,3,2702,9,5,Y,N,77,72,50002,51572
45944,0,2011-11-11,Y,1,5,4,1976,F,50.0,5,3,2,3,0,20,2,N,N,81,90,42900,56100
45945,0,2012-01-03,N,1,1,2,1970,M,0.64,8,0,3,5,0,2,35,N,N,100,80,89641,91212
45946,0,2007-10-01,N,2,3,3,1977,M,0.3,3,1,3,3,0,2,7,N,N,81,83,112200,116134
45947,0,2002-09-02,N,3,4,4,1977,F,3.12,3,0,2,4,0,1,8,N,N,95,93,145200,154645
45948,0,2012-01-23,N,2,3,3,1963,F,0.43,0,0,2,5,0,5,28,N,N,87,80,125611,125611
45949,0,2012-01-16,N,2,3,3,1981,M,0.75,5,0,3,4,0,0,5,N,N,89,80,138600,154843
45950,0,2012-01-23,Y,1,3,3,1987,M,0.19,9,5,3,4,0,2,8,N,N,93,80,75240,78065
45951,0,2012-03-12,N,2,2,3,1962,M,0.14,3,0,4,5,5998,3,43,N,N,79,82,157205,161304
45952,0,2012-04-16,Y,1,4,3,1981,F,0.44,1,1,2,4,0,1,2,N,N,91,80,89100,112200
45953,0,2012-04-02,N,1,5,4,1972,M,0.44,2,0,4,3,0,2,75,N,N,81,80,113685,113685
45954,0,2012-07-30,Y,2,3,3,1969,M,0.48,2,2,2,4,0,10,10,N,N,82,73,110220,113256
45956,0,2012-08-13,N,2,3,3,1970,M,0.44,0,0,4,3,0,5,71,N,N,79,80,133888,137571
45957,0,2012-08-28,N,2,3,3,1983,M,0.06,4,4,2,3,0,2,19,N,N,80,78,99053,106920
45958,0,2013-01-07,N,3,5,4,1974,M,0.09,0,1,3,4,0,7,20,N,N,80,80,186041,194040
45959,0,2013-01-31,N,1,3,3,1964,M,0.09,1,0,3,5,3167,2,38,N,N,98,80,75742,78395
45960,0,2013-03-04,Y,1,3,3,1964,F,0.5,2,0,3,5,0,1,4,N,N,85,80,75438,90420
45961,0,2013-03-04,Y,1,4,3,1974,M,0.14,1,0,3,5,886,10,2,N,N,77,76,52800,55315
45962,0,2013-05-13,N,1,4,4,1982,M,0.25,0,2,3,4,0,2,2,N,N,83,92,82500,95700
45965,0,2013-05-20,Y,3,3,3,1973,M,0.0,4,0,2,3,1625,2,9,N,N,84,80,110000,128700
45966,0,2013-05-28,N,2,4,4,1970,F,0.22,3,2,3,3,0,2,12,N,N,77,75,118800,124153
45968,0,2000-07-24,N,4,4,3,1975,M,0.21,0,1,2,5,0,1,55,N,N,81,83,227159,236247
45969,0,2013-06-17,N,2,4,3,1968,M,0.19,0,0,3,3,11157,5,62,N,N,79,87,95119,98690
45971,0,1982-10-21,N,3,4,3,1960,M,2.08,6,0,2,3,0,4,27,Y,N,85,77,101231,104775
45972,0,1988-04-23,N,3,2,2,1961,M,0.03,0,1,2,5,0,7,31,N,N,84,73,102498,105066
45973,0,2013-07-29,Y,1,1,2,1976,M,35.33,2,0,2,5,0,3,13,N,N,79,80,79200,80593
45974,0,2013-08-26,N,3,3,3,1960,F,0.08,0,0,2,5,0,1,25,N,N,82,80,160532,165350
45975,0,2013-09-23,N,2,3,3,1965,F,0.53,0,2,2,5,0,6,13,N,N,91,80,112200,115302
45976,0,1994-01-03,N,1,2,2,1969,M,0.17,2,0,2,5,0,2,58,N,N,76,88,64753,66277
45977,0,1998-08-10,N,1,4,3,1961,M,0.17,5,0,2,3,2778,11,2,N,N,77,72,58067,60826
45978,0,1991-02-28,N,2,4,3,1960,M,0.18,2,0,2,5,0,0,51,N,N,89,80,96023,99007
45979,0,2008-11-11,N,2,3,3,1967,M,0.52,2,0,3,3,0,1,56,N,N,83,80,94215,97515
45980,0,2003-09-15,N,2,1,2,1979,M,0.52,0,0,3,5,0,2,56,N,N,83,95,69333,70712
45981,0,1991-04-19,N,1,1,2,1966,M,0.21,4,0,2,3,3080,9,5,N,N,78,85,59341,60826
45982,0,1990-11-12,N,2,3,3,1965,F,0.06,5,0,4,5,0,2,58,N,N,78,80,83767,87457
45983,0,1991-02-05,N,1,1,2,1964,M,0.18,5,0,4,3,0,3,34,N,N,81,73,103125,103125
45984,0,1994-05-31,N,1,2,3,1961,F,0.16,5,0,4,4,0,2,31,N,N,85,80,113276,113916
45986,0,2000-02-12,Y,2,4,3,1975,M,0.11,5,1,2,3,1274,7,2,N,N,77,76,62700,67980
45987,0,1989-08-01,N,2,4,4,1966,M,0.12,0,1,3,4,0,8,48,N,N,78,80,115249,121592
45988,0,2000-02-07,N,3,5,4,1961,F,0.44,1,2,3,3,0,3,23,N,N,80,80,153701,178860
45989,0,2005-08-17,Y,2,4,3,1982,M,29.64,4,1,2,3,2378,9,5,N,N,76,74,52800,66059
45990,0,2005-01-18,N,1,3,3,1983,M,0.36,4,1,2,3,2236,6,5,N,N,78,84,58206,60245
45991,0,2009-11-09,Y,2,2,2,1962,M,0.09,3,0,2,5,2148,10,5,N,N,86,78,52800,54655
45992,0,2012-05-14,N,1,2,3,1983,F,0.16,2,2,3,4,0,4,17,N,N,79,80,79200,82969
45993,0,2013-09-30,N,3,3,3,1959,M,0.77,0,0,3,4,0,2,44,N,N,89,80,247500,247500
45994,0,2013-10-14,N,1,3,3,1984,M,0.43,4,1,3,4,0,3,17,N,N,86,94,76514,79385
45995,0,2013-10-07,N,1,3,3,1978,M,0.82,2,0,3,3,0,2,56,Y,N,86,98,73465,76441
45996,0,2013-10-23,N,1,3,3,1965,M,1.12,3,0,2,3,3890,2,56,Y,N,86,72,89100,91555
45997,0,2013-10-21,N,2,2,3,1979,M,0.4,2,3,2,2,0,4,2,N,N,89,80,89100,118800
45998,0,2013-10-28,Y,3,5,4,1968,M,0.39,0,0,2,4,0,2,33,N,N,82,86,198000,206910
45999,0,2013-11-18,N,2,2,3,1985,M,0.32,1,0,2,4,0,1,2,N,N,94,80,85800,102960
46000,0,2013-12-02,N,2,2,2,1968,M,0.09,1,0,2,5,2180,2,13,Y,N,86,96,138600,141379
46001,0,2013-11-07,N,4,3,3,1960,M,3.38,0,2,3,3,0,1,29,N,N,81,76,198000,198000
46002,0,2013-11-25,N,2,4,4,1983,M,0.88,1,5,2,3,0,3,11,N,N,77,76,112200,117256
46003,0,2013-12-02,N,1,3,3,1979,F,0.32,0,0,3,4,2836,4,25,N,N,78,80,68640,71049
46005,0,2005-02-28,N,1,2,3,1981,M,1.27,0,1,3,3,12185,0,47,N,N,83,80,69261,71168
46006,0,2013-12-09,N,5,3,3,1965,M,0.27,0,0,1,1,0,2,55,N,N,88,74,511500,511500
46007,0,2014-02-03,N,2,2,3,1972,F,0.33,0,1,3,3,0,2,6,N,N,87,80,112200,116411
46008,0,2014-01-27,N,1,3,2,1984,F,0.09,3,0,2,5,0,1,20,N,N,79,80,83160,86282
46010,0,2014-02-10,N,1,4,4,1985,M,0.17,2,0,3,4,0,2,17,N,N,86,88,75900,85800
46011,0,2014-02-03,N,1,4,3,1970,M,0.35,0,0,2,5,0,2,54,N,N,79,80,77029,79728
46012,0,2014-02-03,N,1,4,4,1968,M,0.23,2,0,3,3,0,3,52,N,N,77,76,90090,95495
46013,0,2014-02-25,Y,1,4,3,1988,M,0.71,5,0,2,4,2392,6,4,N,N,85,80,41580,49896
46014,0,2014-03-05,N,1,1,2,1984,F,0.1,2,0,3,3,0,1,27,N,N,79,80,76851,78197
46015,0,2014-03-03,Y,1,1,2,1967,M,0.99,0,0,3,3,0,4,53,N,N,89,80,118464,131274
46016,0,2014-03-24,N,3,5,4,1977,F,0.35,4,0,3,4,0,0,16,N,N,81,80,151800,181500
46017,0,2014-03-27,N,1,2,3,1970,M,0.78,0,0,4,3,2237,5,5,N,N,80,76,68152,70712
46018,0,2014-04-14,N,1,2,3,1968,M,0.28,2,0,2,5,0,7,50,N,N,77,81,94182,97014
46019,0,2014-04-14,N,1,2,3,1982,M,0.53,0,0,2,3,123,3,10,N,N,79,80,89100,99000
46020,0,2014-04-28,N,2,3,3,1978,M,0.12,5,0,4,4,0,1,16,N,N,76,80,118417,121678
46021,0,2014-05-16,N,4,4,4,1965,F,0.23,0,0,3,4,0,2,49,N,N,78,74,305910,330000
46022,0,2014-04-30,N,4,4,3,1973,M,0.45,0,1,3,3,0,1,26,N,N,85,70,181500,190126
46023,0,2014-05-05,N,2,4,3,1978,M,0.25,2,1,3,4,1862,5,5,N,N,93,79,72600,85147
46024,0,2014-05-27,N,2,1,2,1969,F,25.17,3,0,4,3,0,3,5,N,N,87,78,138633,138633
46025,0,2014-05-22,N,3,2,2,1964,M,0.36,1,0,2,5,3231,4,48,N,N,85,92,107303,110524
46026,0,2014-06-23,N,2,5,4,1983,M,0.04,0,0,3,4,0,1,5,N,N,83,91,108986,115500
46027,0,2014-06-30,N,1,3,3,1967,M,0.86,0,1,2,5,0,6,8,N,N,86,80,92400,95410
46028,0,2014-06-30,N,2,1,2,1967,M,0.44,3,2,3,3,0,1,7,N,N,84,80,118800,119467
46029,0,2014-07-14,N,2,4,4,1978,M,0.27,0,1,3,4,0,3,16,N,N,79,80,112200,119500
46030,0,2014-08-25,N,2,4,4,1984,F,3.64,0,1,3,3,0,3,27,N,N,79,80,126991,132706
46031,0,2014-09-08,N,1,3,3,1988,M,0.43,5,0,3,4,0,2,9,N,N,93,80,72600,75511
46032,0,2014-09-08,N,2,3,3,1965,M,0.43,2,0,3,3,0,1,9,N,N,79,80,172656,172656
46033,0,2014-09-08,N,1,3,3,1987,M,0.44,1,0,3,3,0,2,3,N,N,93,80,84480,92400
46034,0,2014-09-22,N,2,4,3,1965,M,0.06,0,1,2,5,0,1,4,N,N,78,77,101541,110880
46036,0,2014-10-03,N,1,3,3,1973,F,0.26,1,0,3,3,0,5,6,N,N,98,80,72600,75900
46037,0,2014-11-10,N,1,5,4,1973,F,0.23,1,0,2,5,4407,1,37,N,N,98,80,63472,67333
46038,0,2014-12-15,N,2,2,3,1981,M,0.28,3,0,4,4,0,2,13,N,N,93,80,141900,146164
46039,0,2015-01-05,Y,1,2,2,1976,M,47.94,2,1,3,3,2292,2,9,N,N,82,80,72600,74237
46040,0,2015-01-05,Y,1,4,3,1986,F,31.47,0,3,3,4,0,2,12,Y,N,97,80,62700,66152
46041,0,2015-02-02,N,1,3,3,1985,M,0.14,4,0,2,4,0,2,2,N,N,83,80,66660,82500
46042,0,2015-02-02,N,2,2,3,1969,M,0.45,1,2,2,3,0,3,14,N,N,87,72,135300,135300
46043,0,2015-01-20,N,3,4,4,1969,M,2.63,0,0,2,3,0,3,42,N,N,79,77,174887,182761
46044,0,2015-01-26,N,5,3,3,1967,M,24.9,0,0,1,1,0,1,41,N,N,88,83,396000,396000
46045,0,2015-02-09,N,2,1,4,1970,F,0.1,1,1,2,4,0,4,5,N,N,90,80,85800,108900
46047,0,2015-02-02,N,3,3,3,1965,M,0.84,0,0,3,4,0,4,41,N,N,83,80,213127,213127
46048,0,2015-03-23,N,1,2,3,1982,M,0.27,1,0,3,3,0,7,40,N,N,87,80,113019,116127
46049,0,2015-03-30,N,3,1,4,1964,M,0.15,2,0,4,3,0,2,37,N,N,77,71,198000,198000
46051,0,2015-03-31,N,2,1,2,1974,M,0.19,0,0,2,4,0,2,38,N,N,79,80,125737,125737
46052,0,2015-04-06,N,3,2,3,1982,M,0.45,0,1,3,4,0,1,14,N,N,83,87,155100,158440
46053,0,2015-04-13,N,3,5,4,1971,M,0.03,0,0,3,3,0,4,40,N,N,83,87,202950,211075
46054,0,2015-05-11,N,1,3,3,1981,F,0.32,0,0,4,4,0,3,37,N,N,88,80,99469,103204
46055,0,2015-05-11,N,1,2,3,1973,M,0.1,1,0,4,5,0,8,37,N,N,77,87,100663,103686
46056,0,2015-04-20,N,3,1,2,1965,M,0.53,0,0,4,3,0,2,38,N,N,83,85,173785,173785
46057,0,2015-05-04,N,1,3,3,1966,M,0.22,0,1,2,5,1092,9,2,N,N,83,73,71386,82500
46059,0,2015-04-27,N,3,1,2,1959,M,33.34,0,0,3,5,0,2,16,N,N,83,80,171600,176319
46060,0,2015-05-26,N,3,1,2,1963,M,0.32,1,0,3,5,0,4,38,N,N,79,74,198000,198000
46061,0,2015-05-22,N,2,3,3,1968,M,0.2,1,0,3,2,0,3,13,N,N,87,80,132884,132884
46062,0,2015-05-26,N,1,3,3,1984,M,0.18,1,1,4,3,0,7,15,N,N,87,80,92400,95872
46063,0,2015-06-29,N,1,2,3,1971,F,0.62,0,1,2,4,0,8,15,N,N,86,80,89100,92407
46064,0,2015-06-29,N,2,3,3,1983,M,0.03,0,1,4,4,0,4,14,N,N,87,80,115500,119546
46065,0,2015-07-06,N,3,2,3,1971,F,0.23,2,0,3,4,0,4,8,N,N,79,80,148500,154071
46066,0,2015-07-15,N,1,1,2,1974,M,0.48,4,0,2,3,0,4,5,N,N,79,86,125156,125156
46067,0,2015-07-13,N,1,3,3,1972,F,0.33,2,0,3,4,0,4,9,N,N,97,80,72600,76600
46069,0,2015-07-27,N,2,2,3,1975,M,0.42,2,1,3,4,0,7,22,N,N,82,79,135300,139022
46070,0,2015-07-20,N,3,5,4,1977,M,0.41,0,2,2,4,0,2,5,N,N,81,89,141900,168980
46071,0,2015-08-10,N,1,2,3,1980,F,0.04,3,0,4,3,0,0,35,N,N,90,80,115500,115500
46072,0,2015-07-27,N,1,1,2,1971,F,0.52,0,0,2,3,0,4,34,N,N,85,80,88880,90143
46073,0,2015-07-28,N,2,3,3,1965,M,2.84,2,0,3,3,0,4,35,N,N,95,86,158400,158400
46074,0,2015-07-20,N,4,5,4,1984,M,0.44,2,0,3,4,0,0,7,N,N,79,94,198000,210877
46076,0,2015-08-10,N,1,1,2,1978,M,0.53,1,2,3,4,0,2,13,N,N,79,80,102300,103838
46077,0,2015-08-31,N,2,1,2,1977,F,0.3,1,2,2,5,0,2,7,N,N,83,92,95700,98096
46078,0,2015-09-08,N,1,4,4,1962,F,0.52,0,2,3,4,0,2,4,N,N,85,80,92334,102300
46079,0,2015-08-24,N,1,2,3,1983,F,0.15,2,0,2,4,0,5,22,N,N,80,100,71617,82500
46080,0,2015-09-08,N,3,2,2,1969,M,0.84,1,0,4,5,0,2,35,N,N,77,85,185137,185137
46081,0,2015-09-21,N,1,1,2,1978,M,0.17,1,0,4,3,0,1,33,N,N,85,80,113916,113916
46082,0,2015-09-28,N,1,2,3,1968,M,0.21,0,0,2,4,0,5,32,N,N,83,80,79319,82493
46083,0,2015-09-28,N,2,1,2,1974,M,0.1,1,0,3,5,0,1,34,N,N,85,89,118800,122107
46084,0,2015-09-08,N,3,1,2,1965,F,2.65,0,1,2,3,0,1,15,N,N,83,97,151800,181500
46085,0,2015-09-28,N,2,3,3,1962,F,0.1,0,0,2,3,0,2,33,N,N,80,80,105547,109560
46086,0,2015-09-30,N,3,4,3,1960,M,0.4,0,0,2,3,0,4,34,N,N,80,82,173356,178860
46087,0,2015-10-05,N,1,2,3,1976,M,0.31,1,0,2,4,0,1,18,N,N,94,80,85800,89107
46088,0,2015-09-28,N,2,1,2,1980,M,0.1,1,0,3,3,0,7,13,N,N,89,80,114180,114180
46089,0,2015-11-09,N,1,3,3,1985,M,0.33,1,1,3,4,0,2,3,N,N,89,80,85800,95700
46090,0,2015-12-07,N,1,1,2,1966,M,15.39,1,0,3,3,0,5,32,N,N,87,80,113863,113863
46091,0,2015-12-14,N,1,4,4,1969,F,2.6,0,0,3,5,0,8,19,N,N,77,71,125400,125400
46092,0,2016-01-04,N,1,1,2,1965,F,0.2,1,0,2,5,0,6,29,N,N,79,80,95872,96802
46093,0,2016-01-11,N,2,2,3,1963,F,0.06,0,1,3,4,0,2,13,N,N,77,75,145200,149926
46094,0,2015-12-14,N,3,1,2,1968,M,0.52,0,0,3,5,0,0,30,N,N,79,76,179408,179408
46095,0,2016-01-11,N,2,3,3,1982,F,0.18,3,0,3,3,0,2,19,N,N,77,86,109560,113507
46096,0,2016-01-11,N,2,3,3,1970,F,0.22,1,0,2,5,0,5,30,N,N,91,86,118470,121704
46097,0,2016-01-19,N,2,2,3,1971,F,0.18,0,1,3,4,5556,2,6,N,N,80,80,148500,152440
46098,0,2016-01-19,N,2,1,2,1976,M,0.37,0,2,3,3,0,4,7,N,N,91,80,112200,112867
46099,0,2016-01-11,N,5,2,2,1964,M,0.52,2,0,1,1,0,0,7,N,N,90,77,330000,330000
46100,0,2016-02-08,N,3,1,2,1964,M,0.01,0,1,3,5,0,3,15,N,N,83,85,151800,151800
46101,0,2016-03-21,N,2,3,3,1973,M,0.25,1,0,3,4,0,4,27,N,N,79,100,130162,132924
46102,0,2016-03-21,N,1,1,2,1973,F,0.22,1,0,2,4,0,1,28,N,N,79,80,85826,87331
46103,0,2016-03-14,N,1,1,2,1973,M,2.9,0,0,3,3,114,4,8,N,N,77,80,115500,115500
46104,0,2016-04-01,N,3,4,3,1963,M,0.42,0,0,3,5,3337,4,27,Y,N,85,90,108900,112174
46105,0,2016-04-04,N,3,3,3,1973,M,1.11,0,0,3,3,0,3,13,N,N,83,91,165000,170782
46106,0,2016-04-25,N,1,1,2,1969,F,0.25,1,0,2,5,0,5,27,N,N,79,80,95641,96439
46107,0,2016-05-31,Y,1,5,4,1976,M,0.11,0,0,3,4,0,7,25,N,N,79,80,89879,103620
46108,0,2016-05-02,N,2,1,2,1967,M,9.94,1,0,3,5,0,3,25,Y,N,79,92,115012,115012
46109,0,2016-05-23,N,3,3,3,1970,M,0.44,1,1,2,5,0,1,17,N,N,79,90,151800,171600
46111,0,2016-05-16,Y,1,3,3,1966,M,32.17,2,0,4,5,0,2,25,N,N,94,80,105626,108273
46221,1,1989-06-26,N,2,1,2,1962,M,16.67,2,0,2,4,0,8,25,N,N,79,80,363000,363000
46113,0,2016-06-06,Y,1,3,3,1972,M,0.26,0,0,3,3,0,2,24,N,N,79,80,98096,100782
46114,0,2016-05-23,Y,2,1,2,1986,M,0.06,0,0,4,5,0,0,5,N,N,77,80,132924,132924
46115,0,2016-06-20,Y,1,5,4,1983,M,0.18,2,1,4,4,0,3,3,N,N,78,80,82540,99000
46116,0,2016-05-31,Y,2,1,2,1972,M,0.28,0,0,2,5,0,3,26,N,N,76,80,125156,126846
46117,0,2016-06-06,N,2,1,2,1982,M,0.46,0,0,3,4,8369,3,26,N,N,78,80,91687,93298
46118,0,2016-06-27,Y,1,3,3,1982,M,0.43,0,0,3,3,0,2,23,N,N,76,80,102472,105290
46119,0,2016-07-25,N,1,2,3,1973,F,0.56,0,0,2,4,0,4,9,N,N,79,80,124153,127882
46120,0,2016-07-11,N,1,4,3,1962,M,3.16,1,1,3,4,0,4,4,N,N,85,80,75900,75900
46121,0,2016-08-01,Y,2,3,3,1967,M,32.26,1,0,3,3,0,1,23,N,N,90,94,126377,129618
46122,0,2016-07-13,N,1,1,2,1985,F,1.26,0,0,2,4,2415,2,23,N,N,86,80,71729,73346
46123,0,2016-08-01,N,2,3,3,1966,F,1.19,0,0,3,3,0,2,23,N,N,79,80,129367,132924
46124,0,2016-08-15,N,2,3,3,1976,M,0.42,0,1,2,4,0,3,10,N,N,87,80,121777,128377
46125,0,2016-08-17,N,1,5,4,1986,F,0.49,0,1,2,4,0,2,6,N,N,90,80,95700,101924
46126,0,2016-08-15,Y,2,3,3,1974,M,0.44,0,0,3,4,0,1,8,Y,N,88,80,131921,132924
46127,0,2016-09-19,Y,4,3,3,1966,M,0.24,1,0,3,3,0,1,20,N,N,80,73,224400,232980
46128,0,2016-08-29,Y,2,1,2,1969,M,0.05,0,0,2,3,0,0,22,N,N,76,88,125156,128700
46129,0,2016-09-13,Y,2,3,3,1975,M,0.45,1,1,3,3,0,1,4,N,N,85,80,105600,122100
46130,0,2016-09-06,Y,2,3,3,1977,M,0.42,0,0,3,4,0,2,22,N,N,76,80,115500,115500
46131,0,2016-10-03,Y,2,3,3,1965,F,0.58,1,0,2,4,3375,2,22,N,N,85,80,151800,171600
46132,0,2016-10-03,Y,2,4,4,1964,M,0.45,0,1,3,4,3000,2,3,N,N,93,80,125400,132000
46133,0,2016-10-10,Y,2,4,4,1979,M,0.49,0,1,3,3,0,2,4,N,N,90,80,95700,108900
46134,0,2016-10-17,Y,1,3,3,1984,M,0.17,0,0,3,3,2700,1,21,N,N,76,80,99000,101066
46135,0,2016-10-10,Y,3,3,3,1969,M,41.34,1,0,4,3,533,2,22,N,N,77,78,171600,176755
46136,0,2016-10-17,N,1,2,2,1967,F,0.66,0,0,2,2,2250,3,21,N,N,79,80,99000,99000
46137,0,2016-10-31,Y,2,3,3,1963,M,0.1,0,0,2,3,4267,3,19,N,N,79,80,92400,92400
46138,0,2017-01-09,Y,1,2,2,1983,M,0.47,0,0,3,3,3353,3,18,N,N,87,80,125400,125400
46139,0,2016-10-31,N,1,2,2,1959,F,0.45,0,0,3,3,2073,2,21,N,N,83,70,85800,86236
46140,0,2016-11-30,Y,2,3,3,1979,M,0.27,1,0,3,3,2700,2,5,N,N,91,80,85800,112200
46141,0,2016-11-14,N,1,2,2,1970,M,1.14,1,0,2,5,0,2,3,Y,N,79,80,89100,98010
46142,0,2017-01-09,Y,1,4,4,1973,M,0.1,0,0,1,1,3201,2,18,N,N,89,80,108900,113804
46143,0,2017-01-09,Y,4,4,4,1981,F,0.36,2,0,3,4,0,0,7,N,N,79,83,178200,193354
46144,0,2017-01-03,N,1,4,4,1985,F,0.54,0,2,2,2,2604,0,3,N,N,83,80,66000,79200
46146,0,2017-01-03,N,2,2,2,1977,M,0.36,0,0,2,5,2790,0,19,N,N,76,72,122100,122100
46147,0,2017-01-30,Y,1,3,3,1965,M,0.04,0,0,3,5,2711,2,18,N,N,91,80,115500,118853
46148,0,2017-02-01,Y,1,4,4,1987,M,0.1,0,0,4,2,3294,1,17,N,N,79,80,95700,100822
46149,0,2017-03-23,Y,2,3,3,1959,M,0.45,0,0,2,4,3201,1,14,N,N,84,70,132000,132924
46150,0,2017-03-27,Y,2,3,3,1984,F,0.31,0,0,2,4,2986,2,8,N,N,83,80,99000,112200
46151,0,2017-03-13,N,2,3,3,1979,F,0.15,0,1,3,5,2900,2,3,N,N,85,90,85800,99000
46152,0,2017-04-17,N,1,3,3,1977,F,2.24,0,1,3,3,2874,3,4,N,N,87,80,72600,85662
46153,0,2017-04-17,Y,4,3,3,1963,M,0.64,0,0,3,3,0,0,4,N,N,79,75,181500,193298
46154,0,2017-05-15,Y,2,4,4,1971,F,2.34,0,0,2,4,4068,1,13,N,N,93,80,125400,131050
46155,0,2017-06-26,N,4,3,3,1964,M,0.98,0,0,1,1,0,1,11,N,N,86,80,231000,231000
46156,0,2017-06-12,N,1,3,3,1970,F,0.12,0,0,3,5,3003,3,14,N,Y,79,80,82500,84982
46157,0,2017-06-12,Y,1,3,3,1976,F,0.4,0,0,3,2,3003,0,12,N,N,82,80,112200,112200
46158,0,2017-06-12,Y,3,4,4,1969,M,0.92,1,0,3,5,0,3,13,N,N,79,78,163350,170703
46160,0,2017-06-05,Y,2,2,2,1970,M,0.38,1,0,2,3,3236,3,14,N,N,85,84,122100,122100
46162,0,2017-07-24,Y,2,3,3,1979,M,0.24,0,0,3,2,3573,7,11,N,N,87,76,112200,112200
46163,0,2017-08-21,N,1,2,2,1975,M,1.14,0,0,3,5,3436,1,9,N,Y,86,80,101640,103680
46164,0,2017-08-16,N,3,4,4,1970,F,0.69,1,0,3,3,0,4,12,N,N,81,72,155100,165185
46165,0,2017-08-28,Y,1,2,2,1971,M,0.43,0,0,1,1,2663,4,9,N,Y,89,80,113520,115797
46166,0,2017-09-05,N,1,2,2,1965,M,1.0,0,0,3,4,3107,2,9,N,N,93,81,122100,122100
46167,0,2017-08-28,N,2,2,2,1970,M,0.68,0,0,4,5,3329,4,8,N,N,94,89,130680,130680
46168,0,2017-09-05,N,2,2,2,1968,M,3.74,0,0,3,3,4064,3,9,N,N,87,80,115500,116662
46169,0,2017-09-18,Y,1,2,2,1963,M,0.02,0,0,1,1,2589,3,5,N,N,94,80,105600,105600
46170,0,2017-09-18,Y,1,3,3,1976,F,31.42,0,0,3,4,3107,1,8,N,Y,90,80,118800,122041
46171,0,2017-09-11,Y,5,3,3,1961,M,0.34,0,0,1,1,0,1,9,N,Y,82,81,339900,339900
46172,0,2017-10-02,Y,5,3,3,1965,F,25.89,0,0,1,1,0,0,7,N,N,77,79,339900,339900
46173,0,2017-09-11,N,2,2,2,1964,M,0.57,0,0,3,5,0,0,9,N,N,82,80,112200,114167
46174,0,2017-09-25,Y,3,2,2,1974,M,31.87,0,0,3,5,0,2,8,N,Y,81,87,141900,145451
46175,0,2017-09-25,N,1,3,3,1972,M,0.29,0,0,3,3,3928,2,8,N,N,78,80,99000,101726
46176,0,2017-10-09,N,2,3,3,1984,F,0.17,0,0,2,4,0,8,7,N,Y,84,80,92400,94255
46177,0,2017-10-16,N,1,3,3,1981,F,0.14,0,0,2,3,0,7,7,N,N,86,80,92400,93793
46178,0,2017-10-30,N,2,3,3,1982,M,47.85,0,0,3,4,0,4,6,N,Y,78,80,118800,118800
46179,0,2017-10-23,N,2,3,3,1973,M,0.2,1,0,2,3,0,5,6,N,Y,89,80,105600,107455
46180,0,2017-11-13,N,2,3,3,1965,M,0.62,0,0,2,3,0,3,6,N,Y,79,80,92400,94440
46181,0,2017-11-27,Y,2,3,3,1968,M,28.25,1,0,2,5,0,3,5,N,N,83,80,115500,115500
46182,0,2017-12-04,Y,1,3,3,1963,M,0.29,0,0,3,2,0,2,5,N,N,90,80,108900,108900
46183,0,2018-01-22,Y,1,3,3,1981,M,0.29,0,0,2,4,0,3,3,N,N,80,80,108800,108900
46185,0,2018-01-16,N,1,3,3,1973,M,0.19,0,0,2,2,0,1,3,N,N,89,80,84000,85800
46186,0,2018-01-08,N,1,3,3,1963,M,0.91,0,0,3,2,0,1,4,N,N,83,80,84500,85800
46187,0,2018-01-16,Y,1,3,3,1984,F,1.67,0,0,2,4,0,3,3,N,N,87,80,80000,81840
46188,0,2018-01-22,N,1,3,3,1970,M,0.06,0,0,3,4,0,3,3,N,N,79,80,112200,112200
46189,0,2018-01-22,Y,2,3,3,1968,M,31.63,1,0,2,2,0,2,3,N,N,85,80,112222,126720
46190,0,2018-01-16,Y,4,3,3,1961,M,3.65,1,0,2,2,0,0,3,N,N,79,80,277777,280500
46191,0,2018-01-22,Y,3,3,3,1969,F,0.1,0,0,2,2,0,1,3,N,N,85,80,183000,184800
46192,0,2018-01-22,Y,4,3,3,1971,M,0.49,0,0,3,4,0,2,3,N,N,81,80,211200,211200
46193,0,2018-01-22,N,3,3,3,1961,M,0.1,0,0,2,2,0,1,3,N,N,89,80,171600,171600
46194,0,2018-01-29,N,1,3,3,1985,F,0.71,0,0,2,2,0,2,3,N,N,86,80,98000,99000
46195,0,2018-01-29,N,1,3,3,1965,M,0.24,0,0,1,1,0,2,3,N,N,87,80,90000,92400
46196,0,2018-02-26,Y,1,3,3,1986,F,0.26,0,0,1,1,0,0,2,N,N,79,80,84000,85800
46197,0,2018-03-26,N,3,3,3,1980,M,2.88,0,0,2,2,0,0,0,N,N,90,80,190000,204600
46198,0,2018-03-05,N,2,3,3,1974,F,17.55,0,0,1,1,0,3,2,N,N,76,80,100000,112200
46199,0,2018-03-06,Y,5,3,3,1969,M,0.0,0,0,1,1,0,1,2,N,N,81,80,363000,363000
46200,0,2018-03-26,Y,2,3,3,1968,F,0.2,0,0,2,2,0,1,0,N,N,83,80,104000,105600
46201,0,2018-03-20,N,4,3,3,1959,M,5.71,0,0,3,4,0,2,0,N,N,81,80,180000,198000
46202,0,2018-03-26,N,3,3,3,1962,M,21.16,0,0,2,2,0,0,0,N,N,82,80,170000,181500
46241,1,2003-06-24,N,1,1,2,1974,M,0.91,4,0,3,5,0,1,19,N,N,79,80,363000,363000
46262,1,1990-10-01,N,4,4,3,1967,M,49.59,4,0,3,3,0,0,56,N,N,79,80,363000,363000
46286,1,2011-05-18,Y,1,4,3,1984,F,7.17,4,1,3,4,0,3,13,N,N,79,74,363000,363000
46308,1,2012-09-04,N,2,5,4,1976,M,0.3,2,0,3,4,0,1,33,N,N,79,80,363000,363000
46331,1,2004-05-17,N,1,3,3,1973,M,0.49,0,0,1,1,7433,1,14,N,N,79,80,363000,363000
46352,1,2014-09-29,N,3,5,4,1976,F,0.34,0,0,3,3,0,1,35,N,N,79,80,363000,363000
46377,1,2015-10-01,N,1,3,3,1988,M,0.3,0,0,1,1,0,1,26,N,N,79,80,363000,363000
46211,1,1997-06-30,N,1,3,3,1962,M,0.35,4,0,3,5,0,1,82,N,N,79,80,277777,280500
46232,1,1996-02-05,N,2,3,3,1960,F,0.33,0,0,2,5,0,1,123,N,N,79,80,277777,280500
46252,1,2004-11-29,N,1,3,3,1972,M,1.47,4,1,3,3,0,0,30,N,N,79,80,277777,280500
46276,1,2010-06-17,N,2,4,4,1966,M,0.09,0,0,4,4,0,2,58,N,N,79,80,277777,280500
46297,1,2000-05-18,N,1,4,4,1980,M,0.19,1,0,2,4,0,1,17,N,N,79,80,277777,280500
46321,1,2013-05-13,N,2,3,3,1977,M,0.13,1,1,3,4,0,1,43,N,N,79,80,277777,280500
46343,1,2014-02-10,N,1,5,4,1979,M,0.1,2,0,3,4,0,2,4,N,N,79,80,277777,280500
46366,1,2015-05-11,N,3,3,3,1964,F,35.54,0,0,3,4,0,3,33,N,N,79,84,280500,280500
46213,1,2009-10-05,N,2,3,3,1974,F,0.17,2,0,3,3,4386,1,15,N,N,79,80,211200,211200
46234,1,1996-03-08,Y,1,4,3,1969,F,2.27,5,0,2,4,1544,2,24,N,N,79,80,211200,211200
46254,1,2005-01-10,N,2,3,3,1978,M,0.16,5,0,3,3,0,1,10,N,N,79,80,211200,211200
46279,1,2010-12-02,N,1,1,2,1972,F,0.86,6,0,3,4,0,1,19,N,N,79,74,211200,211200
46300,1,2003-11-17,N,3,4,4,1961,F,0.18,2,0,3,5,0,1,42,N,N,79,80,211200,211200
46324,1,2009-11-30,N,2,3,3,1962,M,13.83,0,0,1,1,1694,4,14,N,N,79,80,211200,211200
46345,1,2014-04-07,N,1,3,3,1978,F,0.06,2,0,3,4,0,5,19,Y,N,79,80,211200,211200
46368,1,2015-06-01,N,4,1,2,1977,M,0.53,0,0,4,4,0,0,3,N,N,79,80,211200,211200
46218,1,1987-06-08,N,2,4,4,1959,F,0.55,2,0,3,4,6177,0,44,N,N,79,80,190000,204600
46239,1,2003-05-01,N,1,3,3,1966,F,0.05,1,0,3,5,2249,1,72,N,N,79,80,190000,204600
46260,1,2006-10-18,N,1,3,3,1974,M,0.26,0,0,3,3,0,5,40,N,N,79,80,190000,204600
46284,1,2010-03-01,N,1,3,3,1981,F,0.05,5,0,3,4,0,0,23,N,N,79,80,190000,204600
46306,1,2012-07-09,N,2,1,1,1974,M,1.32,5,0,2,2,0,1,5,Y,N,79,80,190000,204600
46329,1,2009-06-22,N,1,3,3,1978,F,0.0,0,0,1,1,1814,2,19,N,N,79,80,190000,204600
46350,1,2014-08-11,N,1,4,4,1960,F,0.95,1,0,4,4,0,1,18,N,N,79,80,190000,204600
46375,1,2015-08-31,N,3,3,3,1960,M,4.85,0,0,1,1,50,1,24,N,N,79,80,204600,204600
46223,1,2003-01-20,N,1,2,2,1976,M,0.35,3,3,2,5,0,1,24,N,N,79,80,180000,198000
46243,1,2003-10-27,N,1,1,2,1968,F,0.99,5,2,3,2,0,3,14,N,N,79,80,180000,198000
46265,1,2008-02-28,Y,1,3,3,1984,M,14.99,4,1,3,4,0,1,16,N,N,79,80,180000,198000
46288,1,2011-07-06,N,2,2,2,1977,M,1.98,2,4,3,3,2454,6,20,Y,N,79,80,180000,198000
46310,1,2012-10-29,N,3,3,3,1966,M,0.22,2,0,3,5,0,0,13,Y,N,79,80,180000,198000
46334,1,2009-09-16,N,1,4,4,1975,M,0.64,2,0,3,4,6690,1,15,N,N,79,80,180000,198000
46355,1,2014-12-01,N,1,4,3,1978,F,0.42,1,0,2,5,0,2,31,N,N,79,80,180000,198000
46379,1,2015-10-12,N,2,4,4,1968,F,0.1,0,0,1,1,2860,3,25,N,N,79,80,198000,198000
46212,1,1999-05-24,N,4,4,4,1967,M,0.52,0,0,3,4,7576,0,14,N,N,79,80,183000,184800
46233,1,2005-01-17,N,4,4,4,1964,M,0.38,3,0,3,3,0,0,27,N,N,79,80,183000,184800
46253,1,2005-01-03,N,1,3,3,1979,M,0.87,6,0,3,3,0,2,14,N,N,79,80,183000,184800
46278,1,2010-10-11,N,2,4,4,1969,M,5.12,0,0,3,4,0,0,57,N,N,79,80,183000,184800
46298,1,2010-11-03,N,2,2,3,1975,M,0.73,2,0,4,3,0,1,57,N,N,79,80,183000,184800
46322,1,1996-04-19,Y,3,3,3,1971,M,32.74,1,3,2,3,0,2,21,N,N,79,80,183000,184800
46344,1,2014-03-24,N,3,5,4,1982,M,25.27,1,0,4,4,7245,1,28,N,N,79,80,183000,184800
46367,1,2015-04-30,N,1,5,4,1981,M,31.46,0,0,3,3,0,0,35,N,N,79,80,184800,184800
46224,1,1993-04-05,N,1,5,4,1966,F,0.21,1,0,4,4,0,2,267,N,N,79,80,170000,181500
46244,1,2014-03-03,N,1,5,4,1977,M,0.62,8,1,4,4,0,2,6,Y,N,79,80,170000,181500
46266,1,2008-05-28,Y,1,4,4,1980,M,0.28,4,0,3,4,3690,1,12,N,N,79,80,170000,181500
46289,1,2011-08-03,N,1,4,4,1959,F,23.63,0,0,3,3,5145,1,14,N,N,79,80,170000,181500
46311,1,2012-10-29,N,1,3,3,1968,M,0.21,1,0,3,3,0,2,18,N,N,79,80,170000,181500
46335,1,2004-04-12,N,1,3,3,1977,M,33.66,1,0,1,1,0,1,19,N,N,79,80,170000,181500
46356,1,2006-11-30,N,1,3,3,1963,M,0.26,2,0,4,5,0,2,116,Y,N,79,80,170000,181500
46380,1,2015-10-21,Y,5,3,3,1968,M,28.53,0,0,1,1,0,0,20,N,N,79,80,181500,181500
46214,1,2004-01-05,N,1,1,2,1979,M,0.17,8,1,3,3,1111,6,37,N,N,79,80,171600,171600
46235,1,2002-11-04,N,1,2,2,1970,M,2.7,6,1,3,3,0,5,61,N,N,79,80,171600,171600
46255,1,2005-02-02,N,1,4,3,1980,M,36.73,1,1,2,3,0,2,40,N,N,79,80,171600,171600
46280,1,2011-01-03,N,2,5,4,1971,M,0.13,3,0,2,3,0,2,19,N,N,79,80,171600,171600
46301,1,2011-10-31,N,2,4,4,1967,M,1.18,0,0,4,3,0,1,40,N,N,79,80,171600,171600
46325,1,2001-05-07,N,2,2,3,1973,M,11.89,1,0,3,4,4250,2,5,Y,N,79,80,171600,171600
46346,1,2014-06-16,N,1,3,3,1961,M,0.35,0,0,3,5,0,0,31,Y,N,79,80,171600,171600
46370,1,2015-06-22,Y,1,4,4,1985,F,20.45,0,0,3,4,0,0,19,Y,N,79,80,171600,171600
46381,1,2016-01-18,Y,3,2,2,1982,M,0.67,0,0,1,1,0,0,19,N,N,79,80,148500,160000
46357,1,2015-01-30,N,2,2,2,1985,M,0.45,2,0,3,5,0,1,10,N,N,79,80,145200,145200
46384,1,2016-07-05,Y,2,1,2,1977,M,28.54,0,0,4,3,0,0,22,N,N,79,80,132000,132000
46210,1,1998-05-18,N,1,3,3,1960,M,0.44,9,0,3,5,0,0,14,N,N,79,80,112222,126720
46231,1,1996-01-10,N,1,2,3,1971,M,0.28,3,0,3,5,0,3,38,N,N,79,80,112222,126720
46251,1,2004-11-29,N,1,3,3,1973,M,0.41,4,0,3,3,0,2,7,N,N,79,80,112222,126720
46275,1,2010-03-29,N,1,3,3,1980,M,3.12,8,0,3,3,2952,1,30,N,N,79,80,112222,126720
46296,1,2010-03-08,N,1,4,4,1981,M,0.52,3,0,3,3,0,0,24,N,N,79,80,112222,126720
46320,1,2013-04-25,N,1,1,2,1988,M,5.63,1,0,2,2,2177,5,12,Y,N,79,80,112222,126720
46342,1,2014-01-20,N,4,1,2,1969,M,41.12,0,0,4,4,0,0,16,N,N,79,80,112222,126720
46365,1,2015-05-04,N,2,4,4,1963,M,17.52,0,0,3,4,0,1,14,N,N,79,80,125000,126720
46203,1,1998-11-02,N,2,3,3,1974,F,0.31,2,0,3,4,0,3,85,N,N,79,80,110946,120000
46209,1,1996-06-03,N,2,3,3,1973,F,1.1,4,0,3,3,0,0,52,N,N,79,80,112200,112200
46220,1,1998-07-17,N,1,2,2,1967,F,3.6,4,1,2,2,1613,2,15,N,N,79,80,100000,112200
46230,1,1996-06-11,N,3,2,3,1977,M,0.35,6,2,2,4,0,1,18,N,N,79,80,112200,112200
46240,1,2003-05-19,N,1,4,3,1980,M,1.77,2,1,3,3,0,1,49,N,N,79,80,100000,112200
46250,1,2004-09-16,N,2,3,3,1977,M,0.63,1,4,3,4,0,2,13,N,N,79,80,112200,112200
46261,1,2013-11-04,N,1,3,3,1968,M,0.6,5,0,2,4,0,5,21,N,N,79,80,100000,112200
46274,1,2009-10-19,N,3,4,4,1976,M,4.39,0,0,4,4,0,0,54,N,N,79,80,112200,112200
46285,1,2011-05-16,N,2,2,3,1985,M,0.03,5,3,2,4,0,1,9,N,N,79,80,100000,112200
46295,1,2007-07-23,N,2,4,4,1969,F,25.25,3,0,3,4,0,2,2,Y,N,79,80,112200,112200
46307,1,2012-08-13,N,3,4,3,1960,F,0.39,1,0,4,3,0,0,26,N,N,79,80,100000,112200
46319,1,1996-03-30,N,4,4,4,1961,M,2.88,0,0,1,1,9487,1,7,N,N,79,80,112200,112200
46330,1,1991-11-01,N,3,3,3,1968,M,0.27,0,0,2,3,0,1,25,N,N,79,80,100000,112200
46341,1,2013-12-23,N,3,3,3,1965,M,39.63,0,0,1,1,0,0,16,N,N,79,80,112200,112200
46351,1,2014-08-18,N,1,2,2,1967,M,0.96,0,0,2,2,0,1,14,N,N,79,80,100000,112200
46364,1,2015-05-04,N,1,3,3,1982,F,0.28,0,0,2,3,0,1,35,N,N,79,80,112200,112200
46376,1,2015-09-28,N,2,3,3,1968,F,0.53,1,0,2,5,0,2,31,N,N,79,80,112200,112200
46387,1,2017-07-10,N,1,3,3,1976,M,0.44,0,0,2,2,2485,4,9,N,N,79,80,110220,110220
46205,1,2000-02-07,N,1,3,3,1969,M,0.18,4,0,2,3,0,1,29,N,N,79,80,108800,108900
46226,1,1993-06-30,N,1,2,3,1969,F,0.15,1,0,4,3,0,3,108,N,N,79,80,108800,108900
46246,1,2004-06-24,N,2,2,3,1981,M,0.74,3,3,3,3,0,4,32,Y,N,79,80,108800,108900
46269,1,2009-04-02,N,1,3,3,1973,M,0.24,2,0,2,5,0,1,22,N,N,79,80,108800,108900
46291,1,2011-09-26,N,2,3,3,1976,M,0.38,1,1,3,4,8950,1,16,N,N,79,80,108800,108900
46313,1,2012-12-03,N,2,2,2,1967,M,0.04,0,0,3,5,0,1,29,N,N,79,80,108800,108900
46337,1,1998-01-05,N,1,3,3,1975,M,0.25,2,0,1,1,0,1,14,N,N,79,80,108800,108900
46360,1,2015-03-02,N,1,3,3,1977,M,0.48,2,0,4,5,0,0,35,N,N,79,80,108900,108900
46222,1,2002-07-10,N,1,3,3,1976,F,0.44,0,0,4,4,4483,0,11,N,N,79,80,104000,105600
46242,1,2003-10-06,N,1,3,3,1977,F,0.21,0,0,3,5,0,0,45,N,N,79,80,104000,105600
46264,1,2007-08-27,N,1,4,4,1976,M,0.23,4,0,3,4,9845,0,62,N,N,79,80,104000,105600
46287,1,2011-06-01,N,1,3,3,1983,M,1.2,2,0,4,3,0,0,22,N,N,79,80,104000,105600
46309,1,2012-10-15,N,1,1,2,1975,F,31.65,6,0,3,5,0,0,53,Y,N,79,80,104000,105600
46332,1,1990-10-10,N,2,1,2,1964,F,5.45,6,0,2,5,0,3,20,N,N,79,80,104000,105600
46353,1,2014-10-08,Y,3,4,4,1980,M,0.15,2,0,3,5,0,0,9,Y,N,79,80,104000,105600
46378,1,2015-10-01,N,1,3,3,1962,F,0.27,0,0,1,1,0,1,27,N,N,79,80,105600,105600
46215,1,2000-11-07,N,2,2,3,1970,M,0.83,4,1,3,3,0,5,32,Y,N,79,80,98000,99000
46236,1,2002-05-19,N,1,5,4,1976,F,0.84,4,0,3,3,0,1,36,N,N,79,80,98000,99000
46257,1,2005-02-08,N,1,3,3,1980,M,1.5,4,0,3,4,5150,0,28,N,N,79,80,98000,99000
46281,1,2011-01-03,N,1,2,3,1986,F,3.12,4,3,2,3,0,0,12,N,N,79,80,98000,99000
46303,1,2012-04-30,N,1,3,3,1976,M,0.35,1,0,3,5,0,0,15,Y,N,79,80,98000,99000
46326,1,2004-04-19,N,2,2,2,1969,M,0.51,1,0,3,4,1400,3,20,Y,N,79,80,98000,99000
46347,1,2014-07-14,N,3,2,3,1974,M,25.72,0,0,3,3,0,1,26,Y,N,79,80,98000,99000
46371,1,2015-06-23,N,2,4,4,1960,M,0.4,1,0,2,5,0,0,14,Y,N,79,80,97000,99000
46385,1,2016-10-31,N,2,3,3,1971,M,0.3,0,0,2,5,0,2,13,N,N,79,80,95700,97000
46216,1,1999-11-29,N,1,3,3,1974,M,0.62,0,6,3,4,1100,2,16,N,N,79,80,90000,92400
46237,1,2003-02-24,N,3,5,4,1977,M,2.84,4,0,2,3,12515,1,40,N,N,79,80,90000,92400
46258,1,2006-07-17,N,2,4,4,1983,F,0.82,3,1,2,4,7688,1,4,N,N,79,80,90000,92400
46282,1,2011-03-14,N,2,4,4,1965,F,35.97,4,0,3,3,6769,1,38,N,N,79,80,90000,92400
46304,1,2012-06-18,N,2,3,3,1970,M,0.68,0,2,3,3,5531,1,14,N,N,79,80,90000,92400
46327,1,1998-08-25,N,1,3,3,1966,M,0.58,0,0,1,1,691,6,11,N,N,79,80,90000,92400
46348,1,2014-07-30,N,4,4,4,1962,M,34.7,0,0,4,4,0,0,14,N,N,79,80,90000,92400
46372,1,2015-07-27,N,1,3,3,1986,M,0.93,0,0,1,1,0,3,4,N,N,79,80,91400,92400
46386,1,2016-12-19,Y,1,3,3,1972,M,30.89,0,0,3,5,0,0,12,N,N,79,80,92400,92400
46383,1,2016-06-01,N,1,2,2,1961,M,1.06,0,0,3,4,2546,4,17,Y,N,79,80,89100,90100
46112,1,2016-05-16,N,1,4,3,1964,F,0.58,1,4,1,1,2469,0,12,N,N,79,80,89100,89100
46206,1,1999-11-29,N,1,3,3,1959,M,1.26,0,0,2,5,0,0,181,N,N,79,80,84000,85800
46207,1,2002-09-03,Y,2,3,3,1978,M,0.32,6,2,3,4,2957,9,59,N,N,79,70,84500,85800
46217,1,2000-09-11,N,1,2,3,1978,M,0.26,2,0,4,4,0,0,68,N,N,79,80,84000,85800
46227,1,1997-06-23,N,3,3,3,1974,M,38.33,5,0,2,3,0,0,37,N,N,79,80,84000,85800
46228,1,1995-07-10,N,1,4,4,1962,F,0.43,3,2,3,2,0,2,36,Y,N,79,80,84500,85800
46238,1,2003-03-24,N,3,3,3,1976,M,18.18,4,0,2,3,0,2,35,N,N,79,80,84000,85800
46247,1,2004-06-21,N,1,3,3,1967,M,0.89,0,0,2,3,15396,3,17,N,N,79,80,84000,85800
46248,1,2004-08-31,N,1,4,4,1978,M,3.98,1,2,2,4,0,1,5,N,N,79,80,84500,85800
46259,1,2006-08-14,N,1,4,4,1982,M,0.75,6,1,4,4,4054,0,26,N,N,79,80,84000,85800
46270,1,2009-05-11,N,4,3,3,1966,M,0.98,4,0,4,4,6962,0,6,N,N,79,80,84000,85800
46271,1,2009-06-10,N,1,2,2,1984,M,0.72,2,4,2,4,0,3,35,N,N,79,80,84500,85800
46283,1,2002-07-29,N,2,1,2,1972,M,3.03,2,3,3,5,0,1,42,Y,N,79,80,84000,85800
46292,1,2008-08-06,N,1,4,3,1969,M,10.34,2,0,4,5,0,0,38,Y,N,79,80,84000,85800
46293,1,2010-04-13,N,3,5,4,1963,M,3.29,0,0,3,3,0,0,45,N,N,79,80,84500,85800
46305,1,2012-07-16,N,2,4,4,1973,M,0.76,0,0,4,4,6769,0,23,N,N,79,80,84000,85800
46314,1,2012-12-10,N,3,4,4,1972,M,22.82,2,2,3,4,0,1,4,N,N,79,80,84000,85800
46315,1,2013-01-02,N,3,3,3,1979,M,0.05,0,1,2,3,0,0,11,N,N,79,84,84500,85800
46328,1,2003-11-24,N,1,3,3,1966,M,0.31,0,0,1,1,2829,5,13,N,N,79,80,84000,85800
46338,1,1981-06-01,N,1,4,3,1963,F,0.31,1,0,4,5,0,12,55,N,N,79,83,84000,85800
46339,1,2013-11-04,N,2,3,3,1968,M,1.05,1,0,1,1,0,2,11,N,N,79,80,84500,85800
46349,1,2014-07-14,N,2,3,3,1975,M,0.28,4,0,4,3,0,1,2,N,N,79,80,84000,85800
46361,1,2015-03-30,N,2,2,2,1974,M,0.29,2,1,3,2,0,1,11,N,N,79,86,85800,85800
46362,1,2015-03-23,N,4,3,3,1970,M,31.64,2,0,4,4,0,3,35,N,N,79,78,85800,85800
46373,1,2015-08-03,Y,4,2,2,1976,M,3.45,0,0,3,3,0,3,22,N,N,79,80,85800,85800
46382,1,2016-06-06,Y,1,4,4,1984,M,0.22,2,0,3,3,0,5,6,N,N,79,80,81840,83450
46208,1,1993-08-30,N,5,4,4,1969,M,0.44,0,0,3,4,0,1,18,N,N,79,80,80000,81840
46229,1,1999-03-29,N,1,3,3,1975,M,0.8,6,0,2,3,1409,1,76,Y,N,79,80,80000,81840
46249,1,2004-09-16,N,1,3,3,1981,M,2.43,1,2,2,3,0,5,6,N,N,79,80,80000,81840
46273,1,2009-10-14,N,2,4,4,1965,F,0.17,5,0,4,3,5791,1,53,N,N,79,80,80000,81840
46294,1,2011-05-23,N,2,1,2,1964,F,7.76,2,0,2,3,0,0,22,N,N,79,80,80000,81840
46318,1,2013-04-22,N,1,3,3,1979,M,0.56,0,0,3,3,4301,0,18,N,N,79,80,80000,81840
46340,1,2014-01-02,N,2,3,3,1968,M,1.55,0,0,1,1,0,0,0,N,N,79,80,80000,81840
46363,1,2015-04-06,Y,3,4,4,1960,M,0.26,2,0,3,5,0,0,21,Y,N,79,80,80000,81840
46204,1,2001-03-08,N,1,5,4,1976,M,0.43,1,0,2,3,3159,1,51,N,N,79,80,74999,75900
46225,1,2002-06-24,N,1,5,4,1979,M,3.12,3,0,4,3,0,0,31,N,N,79,80,74999,75900
46245,1,2004-05-24,N,1,3,3,1973,M,0.8,4,0,2,3,8827,4,41,N,N,79,80,74999,75900
46267,1,2008-07-07,N,3,3,3,1966,M,1.1,0,0,4,4,6438,0,17,N,N,79,80,74999,75900
46290,1,2011-07-25,N,1,2,3,1981,M,25.27,8,0,3,3,0,0,17,N,N,79,80,74999,75900
46312,1,2012-11-26,N,1,3,3,1967,M,1.09,1,0,4,3,0,3,43,N,N,79,80,74999,75900
46336,1,2002-07-04,N,1,3,3,1980,F,0.34,5,0,3,4,0,3,27,Y,N,79,80,74999,75900
46359,1,2015-03-02,Y,4,3,3,1963,M,38.62,0,0,3,5,10476,0,14,N,Y,79,80,74000,75900
