Unnamed: 0,Unnamed: 1,Unnamed: 2,Unnamed: 3,Unnamed: 4,Unnamed: 5,Unnamed: 6,Unnamed: 7,Unnamed: 8
,,,,,,,,
S.No.,College,Role,City type,Previous CTC,Previous job changes,Graduation marks,Exp (Months),CTC
1,Tier 1,Manager,Non-Metro,55523,3,66,19,71406.57653107929
2,Tier 2,Executive,Metro,57081,1,84,18,68005.87063056014
3,Tier 2,Executive,Metro,60347,2,52,28,76764.02027697208
4,Tier 3,Executive,Metro,49010,2,81,33,82092.38687992512
5,Tier 3,Executive,Metro,57879,4,74,32,73878.0977294614
6,Tier 2,Executive,Non-Metro,54340,4,73,31,59950.89224500499
7,Tier 2,Executive,Non-Metro,60298,1,42,46,66602.33930682242
8,Tier 3,Executive,Non-Metro,49944,2,56,37,57768.435036989096
9,Tier 1,Executive,Metro,53124,4,40,37,70083.30436240879
10,Tier 3,Executive,Non-Metro,51141,1,47,60,85648.4814686017
11,Tier 1,Executive,Metro,49497,1,50,25,74914.1460293134
12,Tier 2,Manager,Non-Metro,50197,2,66,62,85219.39143984443
13,Tier 1,Executive,Metro,63234,4,73,23,82910.93833332226
14,Tier 2,Executive,Non-Metro,60059,2,71,56,74350.07820181214
15,Tier 2,Manager,Metro,66487,1,50,27,103595.8285279444
16,Tier 1,Executive,Metro,49292,4,49,19,70729.63281737755
17,Tier 1,Executive,Non-Metro,55400,4,48,52,70051.93691185478
18,Tier 1,Executive,Metro,53089,2,72,23,69403.49340524289
19,Tier 1,Executive,Metro,69345,3,79,56,84710.53254639165
20,Tier 1,Manager,Metro,63508,1,48,30,95879.94275585136
21,Tier 1,Executive,Non-Metro,60057,1,61,60,73487.12624482629
22,Tier 1,Executive,Non-Metro,52402,3,35,30,61597.98193060586
23,Tier 2,Executive,Metro,60180,2,68,18,63119.80037668905
24,Tier 1,Manager,Non-Metro,53422,4,44,34,98586.8252797763
25,Tier 3,Executive,Metro,49857,3,37,37,71502.56405929202
26,Tier 2,Executive,Non-Metro,48682,3,82,59,64320.669102470754
27,Tier 1,Executive,Non-Metro,48516,2,37,63,77310.21815609097
28,Tier 3,Executive,Non-Metro,54363,3,44,55,74825.19814897492
29,Tier 3,Executive,Metro,39636,3,43,23,59230.435281045466
30,Tier 1,Manager,Metro,65172,1,44,31,107138.140531638
31,Tier 1,Manager,Metro,58529,1,65,22,102763.61086073873
32,Tier 1,Executive,Non-Metro,50011,2,72,18,69764.49043163109
33,Tier 1,Executive,Non-Metro,50020,4,75,19,59889.141347399716
34,Tier 3,Executive,Metro,55764,2,64,63,82356.40781791574
35,Tier 1,Manager,Metro,60894,4,80,28,118651.89467975884
36,Tier 3,Executive,Metro,42259,4,37,19,66762.27178435681
37,Tier 3,Executive,Non-Metro,59978,2,75,62,79454.73946709457
38,Tier 1,Executive,Metro,47129,1,41,26,66079.85009910875
39,Tier 1,Manager,Metro,57485,1,77,35,103774.34357263785
40,Tier 1,Manager,Metro,62593,3,71,60,112716.44486928236
41,Tier 1,Executive,Non-Metro,48913,3,41,24,62819.16250520876
42,Tier 2,Executive,Non-Metro,66101,4,81,31,55470.54981877124
43,Tier 2,Executive,Metro,49622,2,73,41,69510.04982211498
44,Tier 2,Executive,Non-Metro,59386,4,46,37,68064.76304752263
45,Tier 1,Executive,Metro,66050,1,35,38,69116.92553999266
46,Tier 1,Executive,Metro,59492,1,69,55,86354.83986197828
47,Tier 1,Executive,Non-Metro,61134,3,72,18,60456.6919564967
48,Tier 3,Executive,Non-Metro,61956,4,54,28,71791.28440745956
49,Tier 2,Executive,Non-Metro,46086,4,50,60,67626.88844343318
50,Tier 2,Manager,Metro,61481,3,79,36,99794.40392512958
51,Tier 1,Executive,Non-Metro,55727,3,79,18,70350.78936706354
52,Tier 3,Executive,Non-Metro,61576,2,73,21,58818.76609195358
53,Tier 1,Manager,Metro,57563,1,64,48,86487.57594249959
54,Tier 2,Manager,Metro,58288,3,84,36,92378.50264087028
55,Tier 3,Executive,Non-Metro,55282,3,60,40,73281.55098825581
56,Tier 3,Manager,Metro,66624,1,63,58,110438.17063632957
57,Tier 1,Executive,Non-Metro,59443,3,52,58,67485.09818482336
58,Tier 2,Manager,Metro,51937,3,64,18,92518.36538643712
59,Tier 2,Manager,Non-Metro,46477,3,37,53,72977.62734501762
60,Tier 3,Executive,Non-Metro,62470,3,60,34,64770.74983224238
61,Tier 1,Executive,Metro,51123,2,52,43,74845.87128543764
62,Tier 2,Executive,Metro,56301,3,58,25,59913.3124270125
63,Tier 3,Executive,Metro,46670,1,69,64,95961.18279409879
64,Tier 3,Executive,Non-Metro,54375,2,82,28,60766.378783355634
65,Tier 3,Manager,Non-Metro,45227,4,40,20,69193.9588273066
66,Tier 1,Executive,Non-Metro,50787,4,81,19,66433.3951820739
67,Tier 1,Executive,Non-Metro,62919,3,42,61,73410.946195465
68,Tier 3,Executive,Metro,51770,3,45,40,68447.631197457
69,Tier 2,Executive,Non-Metro,60123,1,47,40,60185.39615951462
70,Tier 2,Manager,Metro,51002,4,41,28,76765.01606584137
71,Tier 2,Manager,Non-Metro,46940,1,69,27,70157.02714852891
72,Tier 1,Executive,Metro,49905,4,66,31,75297.33929574226
73,Tier 1,Executive,Non-Metro,51505,2,55,53,76960.4764467465
74,Tier 2,Executive,Metro,52474,3,79,58,76204.89111365426
75,Tier 1,Executive,Metro,49172,2,57,44,63782.201980207916
76,Tier 3,Executive,Metro,56916,3,42,57,69415.10843441867
77,Tier 2,Executive,Non-Metro,59386,1,38,29,64472.35677905878
78,Tier 2,Executive,Metro,55748,3,84,21,60815.41688328952
79,Tier 1,Executive,Non-Metro,65574,2,83,22,55902.828163010396
80,Tier 3,Executive,Non-Metro,58541,4,79,41,64468.29367767964
81,Tier 1,Executive,Metro,50672,4,79,31,76093.35759063612
82,Tier 1,Executive,Non-Metro,68071,1,70,45,81430.4929318701
83,Tier 2,Manager,Metro,58815,4,71,22,106165.07741251586
84,Tier 3,Executive,Non-Metro,62493,3,74,48,67374.71261040667
85,Tier 1,Manager,Non-Metro,60182,4,59,37,103574.44993849478
86,Tier 3,Manager,Metro,42941,1,49,45,74191.43026481617
87,Tier 3,Manager,Non-Metro,55505,2,40,57,100887.84757840673
88,Tier 1,Executive,Non-Metro,54114,3,82,56,78715.15960510433
89,Tier 3,Executive,Non-Metro,57670,1,41,46,70686.70528146237
90,Tier 3,Executive,Non-Metro,54361,2,68,55,73231.75258869297
91,Tier 2,Executive,Non-Metro,67083,4,39,21,66296.73183989071
92,Tier 3,Executive,Non-Metro,52483,2,65,53,71738.23273563881
93,Tier 1,Manager,Metro,55581,4,49,59,99551.33883928094
94,Tier 3,Executive,Metro,62243,1,41,35,75903.41505081505
95,Tier 1,Manager,Non-Metro,59293,1,81,64,105308.78448843579
96,Tier 2,Executive,Non-Metro,59707,3,70,28,56003.61167227263
97,Tier 1,Executive,Non-Metro,57726,4,84,54,68673.2909080687
98,Tier 2,Executive,Metro,58401,4,45,55,76028.5022537138
99,Tier 1,Manager,Metro,41228,2,64,56,87418.05045048965
100,Tier 1,Manager,Metro,40945,1,46,38,74984.0206542445
101,Tier 1,Executive,Non-Metro,54794,4,47,41,66591.2927229952
102,Tier 1,Executive,Metro,51692,2,57,30,72088.04432054599
103,Tier 1,Executive,Non-Metro,52305,1,35,18,78521.16794406927
104,Tier 2,Manager,Non-Metro,56680,4,63,61,85688.72170371933
105,Tier 1,Executive,Non-Metro,52300,4,52,34,66657.86216033885
106,Tier 3,Manager,Metro,56710,2,47,20,67879.01581468034
107,Tier 1,Executive,Non-Metro,51351,1,69,19,60069.67907555057
108,Tier 3,Executive,Metro,51022,2,55,26,67820.30557022037
109,Tier 2,Executive,Metro,52096,3,37,29,65685.01766697298
110,Tier 2,Manager,Metro,59099,2,67,63,103305.29586882479
111,Tier 3,Executive,Metro,57677,4,77,54,76671.69402150314
112,Tier 1,Executive,Non-Metro,59343,3,85,55,76577.9863951674
113,Tier 1,Executive,Metro,54767,1,35,37,66693.97510330868
114,Tier 3,Executive,Non-Metro,60869,1,77,21,60125.96817143938
115,Tier 1,Executive,Metro,53949,4,81,52,80042.1108340967
116,Tier 1,Executive,Metro,48707,4,77,60,97106.1054459977
117,Tier 2,Executive,Metro,77911,1,50,58,87831.61697730728
118,Tier 2,Manager,Non-Metro,54183,1,40,29,70630.94732608231
119,Tier 2,Executive,Non-Metro,51099,3,71,49,67516.62664974012
120,Tier 3,Executive,Non-Metro,51591,1,79,37,67573.29352464719
121,Tier 1,Executive,Metro,61057,1,41,44,80714.78836897845
122,Tier 1,Executive,Metro,48280,4,79,18,75430.51154763075
123,Tier 3,Executive,Non-Metro,57606,4,78,20,54071.787774521355
124,Tier 1,Manager,Metro,55440,4,72,44,112826.26079459864
125,Tier 3,Executive,Non-Metro,54055,1,63,47,60944.33193368613
126,Tier 1,Executive,Non-Metro,49862,3,82,26,65065.524613098314
127,Tier 1,Manager,Non-Metro,56204,2,65,19,82667.77412589182
128,Tier 1,Executive,Non-Metro,65161,2,41,52,82517.5855815066
129,Tier 3,Manager,Non-Metro,42143,3,38,32,88208.3714658321
130,Tier 1,Executive,Metro,57924,4,62,38,68023.41161171201
131,Tier 1,Executive,Non-Metro,48755,2,69,59,73464.74883299028
132,Tier 1,Executive,Non-Metro,50926,3,83,61,77222.0014566167
133,Tier 1,Executive,Non-Metro,65158,3,67,53,67163.57406887089
134,Tier 3,Executive,Metro,46073,4,73,19,59241.32072258271
135,Tier 1,Executive,Non-Metro,53110,4,43,20,72322.7908073468
136,Tier 2,Executive,Non-Metro,50180,1,41,22,55226.52981071172
137,Tier 1,Executive,Metro,61124,3,64,19,73417.06922572792
138,Tier 3,Executive,Metro,54583,3,82,22,63534.870911601975
139,Tier 2,Executive,Non-Metro,52400,3,72,54,90774.0352939696
140,Tier 1,Executive,Non-Metro,64264,1,51,22,77666.9489566491
141,Tier 1,Executive,Metro,44197,3,52,34,95868.30175269296
142,Tier 1,Executive,Metro,56273,1,75,26,74544.56748067096
143,Tier 2,Manager,Metro,47481,4,42,34,77150.62719236892
144,Tier 3,Executive,Metro,58053,1,53,29,86298.81522374462
145,Tier 3,Manager,Metro,58071,4,76,30,74697.64027987768
146,Tier 2,Executive,Non-Metro,66845,1,60,29,58695.6497571702
147,Tier 3,Manager,Metro,60396,3,72,46,96190.71566134064
148,Tier 2,Executive,Non-Metro,67056,3,55,51,63582.13224262359
149,Tier 3,Executive,Non-Metro,63823,4,39,53,61586.138077202675
150,Tier 1,Executive,Metro,49475,3,71,19,75037.68060478051
151,Tier 3,Executive,Metro,50330,3,80,35,61282.09424787654
152,Tier 2,Executive,Metro,57858,4,43,48,71522.23325094908
153,Tier 1,Executive,Non-Metro,61627,3,58,32,74596.33063613057
154,Tier 1,Manager,Non-Metro,49733,1,76,42,77168.22490906258
155,Tier 1,Executive,Non-Metro,55308,2,36,40,75028.74583739562
156,Tier 3,Executive,Metro,66048,4,80,44,76619.74492525854
157,Tier 2,Manager,Metro,49405,1,63,48,75910.11212253082
158,Tier 1,Manager,Metro,49810,1,47,18,73056.76960548577
159,Tier 2,Manager,Metro,56330,4,46,30,94478.70035498013
160,Tier 2,Executive,Non-Metro,56485,2,36,50,69960.2484773964
161,Tier 3,Manager,Non-Metro,47053,2,46,42,67407.05030846367
162,Tier 2,Manager,Non-Metro,64179,4,74,18,97119.39076608463
163,Tier 1,Executive,Metro,60385,4,78,54,83984.4815463562
164,Tier 1,Executive,Non-Metro,50963,2,45,32,76385.23282202178
165,Tier 3,Executive,Metro,50024,1,77,37,66216.69659904907
166,Tier 1,Executive,Metro,50334,2,36,47,82526.92731565231
167,Tier 1,Executive,Non-Metro,61054,3,68,20,74459.24645675541
168,Tier 3,Executive,Non-Metro,58629,3,39,32,62936.69859391198
169,Tier 3,Executive,Non-Metro,52519,2,45,19,59425.885811043605
170,Tier 1,Executive,Metro,46993,3,50,27,69437.63290084632
171,Tier 2,Executive,Metro,67559,4,45,63,72083.4891714197
172,Tier 1,Executive,Metro,55944,2,53,49,69163.36128241064
173,Tier 1,Executive,Metro,38709,3,56,18,72747.1207405685
174,Tier 1,Executive,Non-Metro,61130,3,58,35,66726.93652939252
175,Tier 3,Executive,Non-Metro,54941,2,50,24,57067.629804683376
176,Tier 1,Manager,Non-Metro,58639,2,46,63,109108.11666723239
177,Tier 3,Executive,Metro,52098,2,84,38,73831.46193999826
178,Tier 1,Executive,Metro,53618,2,52,54,79031.19752175112
179,Tier 1,Executive,Non-Metro,57261,4,62,46,77631.45557354123
180,Tier 1,Executive,Non-Metro,53158,4,66,41,78524.14655585516
181,Tier 3,Executive,Metro,53511,1,84,58,70856.2420136437
182,Tier 2,Executive,Non-Metro,58408,2,56,18,61042.81054652398
183,Tier 1,Executive,Metro,46722,2,49,22,66407.60767616061
184,Tier 3,Executive,Non-Metro,49331,1,78,44,71632.12784536631
185,Tier 2,Executive,Metro,53717,2,41,44,78002.77986344561
186,Tier 1,Manager,Metro,70258,4,38,36,115126.74586607883
187,Tier 2,Executive,Non-Metro,53186,3,62,26,58559.16366857784
188,Tier 1,Executive,Non-Metro,59273,1,80,30,62275.25329306589
189,Tier 1,Executive,Non-Metro,59466,3,45,41,73749.43998776758
190,Tier 3,Executive,Non-Metro,55639,1,40,29,55927.321822366415
191,Tier 2,Executive,Metro,61138,3,68,61,67174.80659077871
192,Tier 1,Executive,Non-Metro,47831,4,74,36,70249.63458768206
193,Tier 2,Executive,Metro,51919,4,82,25,69896.21583885513
194,Tier 3,Executive,Non-Metro,49310,1,47,56,68123.80322453256
195,Tier 2,Executive,Metro,61973,1,51,18,56131.763706405116
196,Tier 3,Executive,Metro,52475,3,39,19,63426.47769166933
197,Tier 1,Executive,Non-Metro,62262,3,43,39,68762.59880003039
198,Tier 2,Executive,Non-Metro,49159,3,57,45,65693.05206653621
199,Tier 3,Executive,Non-Metro,44451,1,65,51,59721.74203691595
200,Tier 1,Executive,Non-Metro,64873,3,48,64,85224.18671480319
201,Tier 3,Executive,Non-Metro,55261,1,36,19,53356.71920305451
202,Tier 2,Executive,Non-Metro,53405,1,46,48,67405.5392320325
203,Tier 3,Executive,Non-Metro,48982,3,77,60,73639.06170114901
204,Tier 2,Manager,Non-Metro,60286,1,73,27,91956.83817213125
205,Tier 1,Executive,Metro,44712,2,49,46,76451.54716664816
206,Tier 1,Executive,Non-Metro,49882,2,57,28,64100.13223866961
207,Tier 2,Executive,Metro,46791,3,59,59,78379.78755564067
208,Tier 1,Manager,Metro,52585,3,78,35,77592.9381396215
209,Tier 1,Executive,Non-Metro,59130,1,79,63,70314.8868673726
210,Tier 1,Executive,Metro,63061,4,36,40,72339.7131935296
211,Tier 1,Executive,Metro,55293,4,39,20,75774.95375859496
212,Tier 3,Executive,Metro,54222,4,40,40,71232.98217543366
213,Tier 3,Executive,Metro,48720,3,66,24,61022.267740597155
214,Tier 2,Executive,Non-Metro,49971,2,77,34,69437.40602163522
215,Tier 1,Executive,Non-Metro,58774,4,70,45,73028.66894118304
216,Tier 1,Executive,Non-Metro,59781,1,46,41,76811.44907600762
217,Tier 3,Executive,Non-Metro,54690,3,71,53,65923.7166733901
218,Tier 2,Executive,Metro,43494,1,60,27,68676.92540332378
219,Tier 2,Executive,Non-Metro,54356,1,69,26,67766.32867863828
220,Tier 2,Executive,Non-Metro,44261,4,64,24,75535.50114998176
221,Tier 1,Executive,Non-Metro,61570,3,74,34,75762.90757332515
222,Tier 1,Executive,Non-Metro,59600,3,52,53,75588.76396310878
223,Tier 1,Executive,Metro,52971,2,56,32,70086.06580045553
224,Tier 1,Manager,Metro,57963,2,60,19,96125.1762922195
225,Tier 2,Manager,Metro,44781,2,75,42,80753.62312149233
226,Tier 2,Executive,Metro,62903,4,82,55,71048.23811699847
227,Tier 2,Executive,Metro,58282,4,78,28,71454.8954283114
228,Tier 2,Executive,Non-Metro,66411,1,47,58,87222.87077357474
229,Tier 1,Executive,Non-Metro,58109,4,44,41,75683.99175775939
230,Tier 1,Executive,Metro,51572,4,35,47,78834.20245449388
231,Tier 3,Executive,Non-Metro,63031,1,48,42,72943.91057871455
232,Tier 2,Executive,Non-Metro,54081,1,42,59,66774.10672843328
233,Tier 1,Executive,Non-Metro,45676,4,81,19,58845.39620941226
234,Tier 1,Executive,Metro,52116,2,60,59,75689.82777249
235,Tier 3,Executive,Metro,46127,1,56,39,68623.41359571512
236,Tier 2,Manager,Non-Metro,48343,3,78,40,68392.66608893438
237,Tier 2,Executive,Non-Metro,56666,3,47,18,53730.63497314817
238,Tier 2,Executive,Metro,67170,4,55,31,69913.10506689803
239,Tier 3,Manager,Metro,51096,3,70,19,80820.273616925
240,Tier 2,Executive,Metro,64120,2,35,44,71001.52597583721
241,Tier 1,Manager,Non-Metro,59001,2,81,23,89974.04520310643
242,Tier 1,Executive,Non-Metro,45187,3,74,33,71161.34095428522
243,Tier 1,Executive,Non-Metro,53027,4,69,55,106846.34327215831
244,Tier 1,Executive,Metro,55858,4,47,40,77673.28793290147
245,Tier 1,Manager,Non-Metro,49074,3,58,63,84287.39457150061
246,Tier 3,Executive,Metro,54121,3,51,54,84320.29067045881
247,Tier 2,Executive,Non-Metro,61285,3,44,60,77283.58877414947
248,Tier 2,Executive,Metro,63140,1,44,24,68416.8582689412
249,Tier 1,Executive,Metro,44907,1,60,19,70186.19259869528
250,Tier 1,Executive,Metro,52054,2,67,29,73394.0904052001
251,Tier 1,Manager,Metro,44353,3,75,18,70056.31308784423
252,Tier 1,Manager,Non-Metro,54987,3,69,63,111873.30375581964
253,Tier 2,Manager,Metro,54808,2,51,54,101785.04474439692
254,Tier 1,Executive,Metro,58153,3,55,27,76298.89594140522
255,Tier 1,Manager,Metro,51912,2,66,50,113141.14426480766
256,Tier 1,Executive,Non-Metro,51735,1,67,55,71890.09479946457
257,Tier 3,Manager,Metro,55928,4,75,56,108750.86966005848
258,Tier 2,Executive,Non-Metro,61132,1,72,38,68120.02503754714
259,Tier 3,Executive,Metro,47560,4,70,51,67760.38061639876
260,Tier 3,Manager,Metro,53080,3,68,19,97151.37752091119
261,Tier 1,Executive,Non-Metro,46136,1,73,58,81234.59900941093
262,Tier 2,Manager,Non-Metro,54869,2,76,20,72296.78844240363
263,Tier 1,Manager,Metro,53471,3,58,52,82735.39843348712
264,Tier 3,Manager,Metro,66355,1,81,19,99815.95648054365
265,Tier 2,Executive,Non-Metro,62836,4,41,53,72755.3801578174
266,Tier 2,Manager,Metro,70468,2,38,46,111172.91601833531
267,Tier 2,Manager,Metro,45743,4,45,40,80222.49897693707
268,Tier 1,Executive,Non-Metro,54083,3,83,59,70531.82259765857
269,Tier 1,Executive,Metro,50573,3,60,45,70207.24153266383
270,Tier 1,Executive,Metro,46637,4,46,49,66843.75254562823
271,Tier 2,Executive,Metro,50393,4,55,18,60213.58298100733
272,Tier 1,Manager,Metro,63916,1,70,50,105334.49846693623
273,Tier 3,Executive,Metro,62911,3,65,41,65659.68641860971
274,Tier 1,Executive,Metro,56876,1,35,50,83092.1594310339
275,Tier 3,Executive,Metro,54032,1,38,25,66571.16731805798
276,Tier 1,Executive,Non-Metro,52888,4,76,47,78083.2103369944
277,Tier 3,Executive,Metro,43457,1,74,19,62954.41009667994
278,Tier 1,Executive,Non-Metro,51281,3,55,22,66298.7022281521
279,Tier 2,Executive,Metro,54806,2,57,59,82475.16317944069
280,Tier 2,Executive,Non-Metro,49646,1,59,51,74374.59907197204
281,Tier 1,Manager,Non-Metro,52883,1,55,40,78949.12098718829
282,Tier 1,Manager,Metro,68419,4,46,54,106418.32082346061
283,Tier 1,Executive,Metro,50242,4,71,30,70060.23293629357
284,Tier 1,Executive,Non-Metro,57133,3,72,55,77111.80888231471
285,Tier 1,Executive,Non-Metro,52065,4,80,52,68439.79025915866
286,Tier 2,Executive,Metro,53490,2,72,46,68607.85658680982
287,Tier 1,Executive,Non-Metro,68539,3,51,46,76839.09445361643
288,Tier 3,Executive,Non-Metro,48471,1,52,63,70363.67448995469
289,Tier 1,Manager,Non-Metro,59759,4,67,59,104376.58478459281
290,Tier 2,Executive,Metro,48380,2,76,52,83078.60512198722
291,Tier 1,Executive,Non-Metro,56990,3,85,28,72326.82754102844
292,Tier 1,Executive,Metro,51090,3,80,29,88238.24169617819
293,Tier 2,Manager,Metro,74198,1,57,25,99644.51268074985
294,Tier 2,Executive,Non-Metro,49883,2,83,22,60621.48480320098
295,Tier 1,Executive,Metro,54757,1,70,25,81168.13837962199
296,Tier 1,Executive,Metro,47031,1,77,18,69525.7268218584
297,Tier 1,Manager,Metro,50737,3,59,19,80080.38797789661
298,Tier 2,Manager,Metro,51867,3,71,47,82688.35276711614
299,Tier 3,Manager,Metro,55886,1,59,31,96427.67489832544
300,Tier 3,Executive,Non-Metro,58056,2,35,48,69477.19058347786
301,Tier 1,Executive,Metro,53101,4,70,36,74538.40002011672
302,Tier 1,Manager,Non-Metro,48782,4,48,53,79584.67817221009
303,Tier 2,Executive,Non-Metro,61585,1,43,56,74831.0960466418
304,Tier 2,Executive,Non-Metro,59979,4,75,28,58131.91129476439
305,Tier 1,Executive,Non-Metro,63899,1,56,57,84743.00215349701
306,Tier 3,Executive,Metro,54798,1,54,29,75534.39710343456
307,Tier 1,Executive,Non-Metro,54744,4,78,28,81481.55648325881
308,Tier 2,Executive,Non-Metro,58383,2,46,30,69300.19403453461
309,Tier 1,Executive,Metro,58709,4,85,58,90313.74557930227
310,Tier 3,Executive,Non-Metro,54126,2,43,41,73396.24209366414
311,Tier 1,Executive,Metro,52976,4,50,50,70039.58732539965
312,Tier 1,Executive,Non-Metro,50339,2,60,19,70424.37488121429
313,Tier 2,Manager,Metro,61609,2,74,43,91694.56714223037
314,Tier 2,Executive,Metro,63395,1,66,49,74782.68355135068
315,Tier 1,Manager,Non-Metro,61270,2,73,27,102262.81761747811
316,Tier 1,Executive,Metro,61862,4,51,52,79093.55120620396
317,Tier 3,Executive,Metro,60695,1,62,50,70326.56076222577
318,Tier 1,Executive,Metro,59922,3,42,54,86259.99790665784
319,Tier 3,Executive,Non-Metro,53748,2,74,44,63434.774109990576
320,Tier 1,Executive,Metro,62196,2,69,32,66943.00746268546
321,Tier 3,Executive,Metro,52827,2,43,34,65127.579495251746
322,Tier 1,Executive,Non-Metro,56003,1,68,26,79572.90616725497
323,Tier 1,Manager,Metro,60107,3,40,34,108959.67777892889
324,Tier 1,Executive,Metro,67292,3,46,57,75485.17100050153
325,Tier 1,Executive,Metro,49605,4,58,29,66564.33826507952
326,Tier 1,Executive,Metro,63647,3,50,40,77855.1090515495
327,Tier 2,Executive,Non-Metro,48581,4,69,27,58157.333720999006
328,Tier 3,Manager,Metro,63334,1,71,45,94904.91510174346
329,Tier 1,Manager,Non-Metro,62264,2,52,64,114996.23482400103
330,Tier 1,Executive,Metro,61180,1,53,52,84453.82063361071
331,Tier 1,Manager,Non-Metro,63370,1,38,61,112185.29832211288
332,Tier 3,Manager,Metro,52121,4,64,52,85433.78223559774
333,Tier 3,Executive,Non-Metro,58782,4,81,61,71725.41845388286
334,Tier 1,Executive,Non-Metro,52717,3,81,56,69686.42924338763
335,Tier 1,Executive,Non-Metro,65291,2,51,43,87624.82351950208
336,Tier 1,Executive,Metro,62820,3,62,64,75366.41120628062
337,Tier 2,Executive,Metro,55219,3,36,60,69293.67109076187
338,Tier 3,Executive,Metro,50637,4,81,62,72653.5399695389
339,Tier 1,Manager,Metro,56777,3,72,50,101676.26815178874
340,Tier 2,Executive,Non-Metro,48367,2,82,46,64602.94425422709
341,Tier 1,Executive,Non-Metro,50440,4,49,24,84891.90635235577
342,Tier 3,Executive,Metro,56640,4,59,62,80912.22400950574
343,Tier 1,Executive,Non-Metro,52862,4,38,60,75668.59508054049
344,Tier 1,Executive,Metro,66238,4,37,63,87865.95420001668
345,Tier 2,Executive,Non-Metro,63067,2,41,49,72570.682119366
346,Tier 2,Executive,Non-Metro,50768,4,65,34,63243.70668310053
347,Tier 2,Executive,Metro,62897,2,57,33,64127.08687555011
348,Tier 1,Executive,Metro,56970,3,43,46,81291.4053707774
349,Tier 2,Executive,Non-Metro,50145,2,57,36,58437.39214565459
350,Tier 3,Executive,Metro,57744,3,71,19,68804.21811869097
351,Tier 3,Executive,Non-Metro,50546,2,70,57,65555.14821746375
352,Tier 1,Executive,Non-Metro,49630,3,39,50,78953.09393041996
353,Tier 1,Executive,Non-Metro,49201,1,75,30,71665.52047390804
354,Tier 1,Executive,Metro,59672,1,41,33,78716.54209549182
355,Tier 2,Executive,Non-Metro,65360,4,85,18,67305.64111620827
356,Tier 1,Executive,Metro,56630,4,78,46,91874.27451383746
357,Tier 2,Executive,Metro,66225,2,52,46,68828.3866112638
358,Tier 3,Executive,Metro,50905,1,51,47,71592.05846317224
359,Tier 2,Executive,Metro,70139,3,57,23,69655.873847607
360,Tier 2,Executive,Non-Metro,50225,3,78,18,55965.32082467932
361,Tier 1,Executive,Non-Metro,58491,1,82,48,77991.9991613532
362,Tier 1,Executive,Metro,54429,3,73,35,67723.63994085533
363,Tier 1,Manager,Non-Metro,48660,4,40,19,69552.89853549821
364,Tier 1,Executive,Non-Metro,54944,4,52,21,71319.69156969068
365,Tier 2,Executive,Non-Metro,45569,1,45,21,61314.48736690338
366,Tier 1,Executive,Non-Metro,54688,3,72,49,77659.79680994866
367,Tier 1,Executive,Non-Metro,55031,3,38,56,79567.4955816954
368,Tier 3,Executive,Non-Metro,47800,3,51,42,64852.24096303516
369,Tier 3,Executive,Metro,53525,3,76,44,76874.6677272745
370,Tier 1,Executive,Metro,58158,4,52,18,74609.27118238097
371,Tier 3,Executive,Non-Metro,45831,4,50,61,67830.3232656758
372,Tier 1,Executive,Non-Metro,49068,3,38,57,76946.27442648172
373,Tier 1,Executive,Non-Metro,59055,1,62,42,74170.8839830446
374,Tier 1,Manager,Metro,56061,1,50,26,89914.72928668713
375,Tier 2,Executive,Metro,54739,1,41,20,57101.035681287656
376,Tier 3,Manager,Non-Metro,48909,1,63,23,72988.3125114593
377,Tier 1,Manager,Non-Metro,53938,1,61,39,75465.42476540631
378,Tier 2,Manager,Metro,64117,4,77,24,98229.46224666848
379,Tier 3,Executive,Non-Metro,53523,1,61,64,75104.2221182785
380,Tier 2,Executive,Metro,54533,1,68,62,94600.04509714275
381,Tier 1,Manager,Non-Metro,41686,2,52,27,71243.96952679481
382,Tier 1,Manager,Metro,52894,2,43,55,101285.29883925001
383,Tier 2,Executive,Metro,54634,2,76,55,78275.86986017901
384,Tier 2,Executive,Non-Metro,71502,4,49,35,74600.08894239043
385,Tier 1,Executive,Metro,49626,3,59,44,72344.51137132675
386,Tier 1,Executive,Metro,64324,4,74,19,71994.50272609049
387,Tier 2,Executive,Non-Metro,62778,1,51,58,77589.36059897071
388,Tier 3,Executive,Metro,52970,1,49,50,90017.28196972114
389,Tier 3,Executive,Non-Metro,45893,4,75,26,65271.68390410404
390,Tier 3,Executive,Non-Metro,50488,2,59,24,66640.88697965344
391,Tier 1,Executive,Metro,60137,4,65,48,89189.31286662431
392,Tier 3,Executive,Non-Metro,57816,4,66,19,59189.5166071516
393,Tier 1,Executive,Metro,51943,1,62,48,69695.93535208836
394,Tier 1,Executive,Metro,59544,3,51,49,70403.99667970599
395,Tier 1,Executive,Non-Metro,61499,2,76,46,64944.98506666672
396,Tier 3,Executive,Metro,41294,1,39,46,71733.24841935959
397,Tier 1,Executive,Non-Metro,58538,1,75,43,76807.17766689675
398,Tier 2,Executive,Metro,57406,2,61,21,84235.73980388464
399,Tier 1,Executive,Metro,50528,1,68,64,74927.63134104521
400,Tier 2,Executive,Non-Metro,61700,4,36,18,66204.57797271245
401,Tier 1,Executive,Non-Metro,47270,1,51,51,68331.11999504124
402,Tier 2,Executive,Metro,69065,1,76,47,80932.57874725565
403,Tier 3,Executive,Non-Metro,60257,4,39,64,82519.16417821753
404,Tier 3,Executive,Metro,61079,1,79,49,77040.50861201517
405,Tier 1,Executive,Metro,42108,3,49,31,72612.4235142845
406,Tier 1,Executive,Non-Metro,63977,4,63,52,84692.1592036745
407,Tier 2,Executive,Non-Metro,45174,3,61,33,65377.42227460591
408,Tier 1,Executive,Non-Metro,52699,3,69,47,69660.74970980089
409,Tier 2,Executive,Metro,42512,2,80,38,69717.82530843662
410,Tier 2,Executive,Metro,55176,3,75,32,57008.65990341758
411,Tier 3,Executive,Metro,38605,1,38,19,69365.77552098772
412,Tier 1,Manager,Non-Metro,46677,1,39,44,77774.74162386707
413,Tier 1,Manager,Non-Metro,45778,1,71,26,79016.85402791358
414,Tier 1,Executive,Metro,43939,2,39,25,74387.53526183973
415,Tier 3,Executive,Non-Metro,56398,4,57,19,68191.78328927125
416,Tier 2,Executive,Non-Metro,55835,2,42,43,60230.16350921346
417,Tier 2,Executive,Metro,63076,2,76,52,73796.53703691863
418,Tier 1,Manager,Non-Metro,42990,4,69,36,72310.2005552051
419,Tier 2,Executive,Metro,65196,4,57,64,81015.31755220689
420,Tier 3,Manager,Non-Metro,52971,3,38,63,81697.6017449792
421,Tier 2,Manager,Metro,59430,4,54,64,104243.14882820088
422,Tier 2,Manager,Metro,60711,1,65,61,101556.33834814298
423,Tier 1,Manager,Metro,55375,1,68,40,106794.92984090827
424,Tier 1,Executive,Metro,52454,4,73,25,71600.01981595068
425,Tier 1,Executive,Metro,58185,3,83,48,81949.5649549263
426,Tier 2,Executive,Metro,47925,1,36,45,73749.23065235319
427,Tier 1,Executive,Non-Metro,47421,2,53,38,71375.68382819502
428,Tier 1,Executive,Non-Metro,51533,3,61,18,72477.67164013693
429,Tier 1,Executive,Non-Metro,36990,2,43,21,65008.01814244506
430,Tier 3,Executive,Non-Metro,56116,1,67,27,84698.8478601021
431,Tier 1,Executive,Metro,62878,2,47,19,97088.21402436319
432,Tier 3,Executive,Non-Metro,42736,3,64,29,60591.813021220645
433,Tier 1,Executive,Metro,55608,1,78,42,70832.22638705265
434,Tier 1,Executive,Non-Metro,59842,4,46,60,71889.51369351015
435,Tier 3,Executive,Metro,56444,3,45,31,73635.67200641929
436,Tier 2,Executive,Metro,53316,1,48,60,70999.91780476703
437,Tier 1,Executive,Metro,53856,2,75,22,66756.42069131427
438,Tier 1,Executive,Metro,54873,2,58,35,72489.65407653833
439,Tier 2,Executive,Non-Metro,68315,3,79,52,81832.10317742726
440,Tier 1,Executive,Metro,52544,1,42,26,73939.42398479553
441,Tier 3,Executive,Non-Metro,57189,3,47,31,66790.50125969727
442,Tier 1,Manager,Non-Metro,57695,2,55,33,96600.42026043388
443,Tier 2,Executive,Metro,68011,2,70,18,53020.31902639509
444,Tier 2,Executive,Non-Metro,64691,2,44,59,80588.66883779761
445,Tier 3,Manager,Metro,53910,3,75,56,90228.62518175281
446,Tier 1,Executive,Non-Metro,60907,2,57,45,79263.08924586873
447,Tier 1,Executive,Metro,54327,2,64,60,88561.51351315324
448,Tier 3,Executive,Non-Metro,46538,1,53,56,62424.16233437009
449,Tier 1,Executive,Non-Metro,52796,2,79,40,65442.63110839759
450,Tier 1,Executive,Metro,64231,1,75,35,66671.1908103291
451,Tier 1,Executive,Metro,59444,3,59,39,76341.12712177391
452,Tier 3,Executive,Metro,49831,3,63,30,73782.53704268494
453,Tier 1,Executive,Metro,45913,3,75,24,69436.16965274178
454,Tier 3,Executive,Metro,52310,4,47,20,56862.739025429764
455,Tier 2,Executive,Metro,69868,4,55,32,79427.58168181441
456,Tier 1,Executive,Metro,60939,1,74,59,91681.45037804786
457,Tier 2,Executive,Non-Metro,57469,3,45,55,77103.63015596288
458,Tier 3,Executive,Non-Metro,52571,3,72,57,66313.953676218
459,Tier 1,Executive,Metro,67425,1,59,56,82675.11143154297
460,Tier 2,Executive,Non-Metro,59817,1,78,40,67427.14409415323
461,Tier 2,Executive,Non-Metro,65657,3,83,49,76090.00718217288
462,Tier 1,Manager,Metro,50292,1,49,42,85106.53113550763
463,Tier 1,Executive,Non-Metro,60081,2,41,62,75901.99050872536
464,Tier 1,Executive,Metro,52897,4,49,56,82030.46172007322
465,Tier 3,Executive,Metro,52642,1,84,19,63601.24460526729
466,Tier 2,Manager,Non-Metro,50843,3,45,30,67351.02288440759
467,Tier 1,Executive,Non-Metro,56192,2,50,60,81955.26302228475
468,Tier 3,Executive,Non-Metro,58100,4,67,56,67700.67023584174
469,Tier 1,Executive,Non-Metro,47928,3,83,28,92828.33435348638
470,Tier 2,Executive,Non-Metro,50000,4,37,18,64431.36680570558
471,Tier 2,Executive,Metro,59968,3,85,27,55221.35838006814
472,Tier 1,Executive,Non-Metro,57102,3,49,18,66958.60140830735
473,Tier 1,Executive,Non-Metro,51617,3,47,19,71871.0050703739
474,Tier 1,Executive,Non-Metro,57304,2,85,47,93477.16505101128
475,Tier 1,Manager,Metro,53736,4,45,54,79771.46399366796
476,Tier 3,Manager,Metro,51073,2,45,61,86575.64706470339
477,Tier 1,Manager,Metro,50138,3,70,24,95813.53127347096
478,Tier 3,Executive,Metro,63654,2,56,25,75793.14006375626
479,Tier 2,Executive,Metro,57408,1,83,21,56636.897001492594
480,Tier 2,Executive,Metro,55569,4,69,23,65668.71854286832
481,Tier 3,Executive,Metro,63988,2,79,63,80614.98142187638
482,Tier 2,Executive,Metro,61721,2,45,49,70220.51675113836
483,Tier 2,Executive,Non-Metro,59669,2,81,18,53921.10989180811
484,Tier 1,Executive,Non-Metro,65851,2,60,51,75572.87711024439
485,Tier 1,Executive,Metro,62411,4,42,48,77207.69969505882
486,Tier 1,Executive,Non-Metro,55412,1,68,31,60710.05941529818
487,Tier 3,Executive,Non-Metro,43715,1,78,54,75143.25117662622
488,Tier 1,Executive,Metro,54231,1,62,19,76382.82035864527
489,Tier 2,Manager,Non-Metro,64433,3,46,44,111735.7598219197
490,Tier 3,Executive,Metro,55232,1,80,53,65540.32296508689
491,Tier 1,Executive,Non-Metro,61583,3,52,19,67531.1549623188
492,Tier 2,Executive,Non-Metro,46532,2,83,61,75598.31505893209
493,Tier 1,Executive,Non-Metro,53540,1,67,18,69264.00119361011
494,Tier 1,Executive,Metro,64566,3,81,61,89477.53869488231
495,Tier 1,Manager,Metro,48681,4,81,21,82925.11795046358
496,Tier 1,Executive,Metro,56554,1,74,20,76083.29728102729
497,Tier 1,Executive,Non-Metro,51206,3,53,31,68596.73920291843
498,Tier 1,Executive,Metro,52435,1,55,45,74170.12969774872
499,Tier 2,Executive,Non-Metro,50155,4,39,44,59306.19076485702
500,Tier 1,Executive,Non-Metro,64187,4,39,62,67432.58958339872
501,Tier 1,Manager,Metro,59413,1,82,29,95450.98208480248
502,Tier 1,Executive,Metro,46707,3,47,43,72730.05403585915
503,Tier 2,Manager,Metro,47277,3,59,51,83631.77011793591
504,Tier 2,Manager,Metro,58500,2,35,19,96401.16400968737
505,Tier 2,Executive,Non-Metro,57730,3,77,38,64151.3698403412
506,Tier 3,Executive,Metro,51923,2,62,37,78114.294480351
507,Tier 3,Executive,Metro,51612,2,37,22,60924.86287400742
508,Tier 3,Executive,Metro,43980,3,77,21,71338.3862808113
509,Tier 1,Executive,Non-Metro,45394,4,60,24,65139.48509306751
510,Tier 1,Executive,Non-Metro,55176,4,35,57,69100.45859519864
511,Tier 1,Executive,Metro,56245,2,45,56,86927.85869758946
512,Tier 2,Executive,Metro,59043,2,49,27,69219.32577519992
513,Tier 1,Executive,Metro,48766,4,37,51,73707.10083376551
514,Tier 1,Executive,Metro,58626,4,61,19,76788.27179050106
515,Tier 1,Manager,Metro,52001,2,49,39,85600.10097995587
516,Tier 1,Executive,Metro,59352,4,43,58,85744.0369859844
517,Tier 2,Executive,Metro,64052,3,52,20,91330.56847515388
518,Tier 3,Executive,Metro,57344,4,38,45,68928.96459862351
519,Tier 1,Executive,Non-Metro,54246,1,64,35,71387.97675197579
520,Tier 1,Executive,Metro,51942,3,44,31,66988.10172967505
521,Tier 1,Executive,Non-Metro,56726,2,58,50,92894.43630424063
522,Tier 2,Executive,Non-Metro,67851,3,37,32,67278.34894162756
523,Tier 1,Executive,Non-Metro,62959,3,49,51,79975.83008994737
524,Tier 2,Executive,Non-Metro,60621,1,56,38,61501.13505265307
525,Tier 2,Manager,Metro,53839,4,67,42,100719.01295942813
526,Tier 2,Executive,Non-Metro,59229,3,85,18,61871.80276459845
527,Tier 3,Executive,Non-Metro,54598,4,42,19,74819.0856293452
528,Tier 1,Executive,Non-Metro,51247,4,73,51,71395.14661260221
529,Tier 1,Executive,Metro,69245,1,46,46,76576.49520839976
530,Tier 1,Executive,Metro,45520,2,75,18,59940.203609590506
531,Tier 2,Manager,Metro,65606,1,35,57,101280.17442976657
532,Tier 1,Executive,Non-Metro,59206,2,63,62,73927.15250783703
533,Tier 2,Executive,Metro,50418,4,84,59,82172.24001720177
534,Tier 2,Executive,Metro,62251,2,56,37,80040.48582076757
535,Tier 2,Executive,Metro,67078,3,62,64,81452.0386404235
536,Tier 1,Executive,Metro,56981,1,35,38,68630.85523450743
537,Tier 1,Executive,Non-Metro,64976,2,68,33,79118.63765386892
538,Tier 1,Executive,Non-Metro,59392,2,80,46,77197.29009881729
539,Tier 2,Executive,Non-Metro,52617,1,75,46,70505.64780559327
540,Tier 2,Executive,Metro,51484,3,51,53,87095.67469329585
541,Tier 1,Executive,Non-Metro,62724,1,81,34,61484.31068317595
542,Tier 2,Executive,Non-Metro,57844,2,42,20,65493.394643207546
543,Tier 2,Executive,Non-Metro,58479,1,62,63,74974.14021482306
544,Tier 2,Manager,Non-Metro,73856,1,75,54,121362.72968584586
545,Tier 3,Executive,Metro,60126,1,44,54,66575.28527111346
546,Tier 3,Manager,Metro,49947,2,56,49,85975.89771429024
547,Tier 1,Executive,Metro,63402,1,44,28,67244.49917829863
548,Tier 1,Executive,Non-Metro,66956,4,59,54,69163.01898244067
549,Tier 1,Executive,Non-Metro,50975,2,65,25,63470.59549638499
550,Tier 2,Manager,Non-Metro,70528,2,46,43,103308.59561140726
551,Tier 1,Executive,Metro,58773,3,39,63,78733.50424424805
552,Tier 2,Executive,Non-Metro,52160,3,40,32,59944.467673579384
553,Tier 1,Executive,Metro,46289,4,85,62,80727.84431595274
554,Tier 3,Executive,Non-Metro,60421,1,65,52,69957.72416653323
555,Tier 1,Executive,Non-Metro,65688,1,48,25,86779.89976293655
556,Tier 1,Executive,Metro,44223,1,73,28,60276.98929219459
557,Tier 1,Executive,Metro,57888,1,79,46,69644.58520242061
558,Tier 2,Executive,Metro,61457,2,37,34,62905.325332712986
559,Tier 3,Manager,Non-Metro,55713,1,53,35,91461.53187065701
560,Tier 3,Executive,Metro,56519,1,64,19,68107.12216050082
561,Tier 3,Executive,Non-Metro,46264,3,52,46,59944.18964191254
562,Tier 1,Executive,Non-Metro,61984,1,55,54,73132.19288016681
563,Tier 1,Executive,Metro,53585,4,83,27,66902.35429949702
564,Tier 2,Executive,Metro,69993,2,66,50,77519.71685119673
565,Tier 2,Executive,Non-Metro,55083,4,78,18,64807.83445054699
566,Tier 3,Executive,Non-Metro,54624,3,40,19,64539.458730112165
567,Tier 3,Executive,Non-Metro,69272,1,52,38,74082.96775107202
568,Tier 3,Executive,Metro,54790,3,37,41,74176.3833354575
569,Tier 1,Executive,Non-Metro,55440,1,48,49,64550.68503616969
570,Tier 3,Manager,Metro,64558,3,47,48,99734.64307336266
571,Tier 1,Executive,Non-Metro,50385,4,67,31,70422.3223118964
572,Tier 2,Executive,Non-Metro,61828,3,42,18,68584.06315836293
573,Tier 2,Executive,Non-Metro,71543,4,82,30,61366.78400804338
574,Tier 1,Executive,Non-Metro,60757,3,48,62,85245.00553942918
575,Tier 1,Executive,Non-Metro,64225,4,43,57,80470.63828699032
576,Tier 3,Executive,Non-Metro,55470,3,36,58,68557.78341591646
577,Tier 2,Executive,Metro,47049,4,65,22,57010.86344106104
578,Tier 1,Manager,Non-Metro,59101,3,56,31,113843.16022920204
579,Tier 1,Executive,Metro,55453,3,67,52,71105.70561786967
580,Tier 1,Executive,Non-Metro,44848,3,41,25,65897.66983541317
581,Tier 1,Executive,Metro,48183,4,35,59,73716.84788604622
582,Tier 3,Executive,Metro,52782,1,56,19,62989.37647061563
583,Tier 2,Executive,Metro,69431,1,49,39,66323.21744678608
584,Tier 2,Executive,Non-Metro,51589,4,41,32,78048.35037142818
585,Tier 1,Executive,Metro,48860,4,67,19,65236.17679914578
586,Tier 2,Executive,Non-Metro,50087,1,82,33,59009.519932625
587,Tier 1,Executive,Metro,49047,3,40,21,74563.83496409215
588,Tier 3,Manager,Non-Metro,56231,1,74,34,92698.55903775596
589,Tier 1,Executive,Non-Metro,61046,4,60,61,77981.8773358209
590,Tier 2,Executive,Non-Metro,57851,1,79,38,61211.79394401077
591,Tier 1,Executive,Non-Metro,57087,4,57,58,78324.59144533462
592,Tier 3,Executive,Metro,48844,2,78,47,70576.10938238038
593,Tier 2,Executive,Metro,51214,2,54,20,59565.94106457234
594,Tier 1,Manager,Non-Metro,49750,4,70,21,65081.36147359174
595,Tier 2,Executive,Metro,68145,3,84,41,64093.95909422859
596,Tier 1,Executive,Non-Metro,55675,1,46,46,76864.51707260788
597,Tier 2,Executive,Non-Metro,53388,2,61,42,70286.84607018389
598,Tier 1,Executive,Non-Metro,57584,4,44,34,73572.31569994455
599,Tier 1,Executive,Metro,56087,3,85,43,74611.23051543508
600,Tier 3,Executive,Non-Metro,65165,1,79,52,100742.2946145609
601,Tier 2,Executive,Non-Metro,61095,1,54,18,53472.60322831882
602,Tier 3,Executive,Metro,55522,3,38,51,79954.3608205434
603,Tier 1,Executive,Non-Metro,54823,2,64,56,78933.3933554911
604,Tier 2,Executive,Non-Metro,62830,4,51,64,83153.12946688
605,Tier 3,Manager,Non-Metro,54550,1,53,19,73581.56951839357
606,Tier 2,Executive,Non-Metro,54662,3,74,51,70751.48120639978
607,Tier 1,Executive,Non-Metro,49239,4,45,27,63459.163764078796
608,Tier 3,Manager,Non-Metro,53652,2,68,59,82182.85908988604
609,Tier 1,Executive,Metro,50659,3,63,28,77372.87862009712
610,Tier 1,Manager,Metro,59169,4,51,30,95875.83335980041
611,Tier 2,Executive,Non-Metro,56043,1,44,47,62426.38545832508
612,Tier 1,Executive,Non-Metro,59528,2,35,38,65621.20561208199
613,Tier 1,Executive,Non-Metro,54324,2,74,18,65404.56556085662
614,Tier 1,Executive,Non-Metro,40574,2,66,34,62314.987228165075
615,Tier 2,Executive,Non-Metro,60511,4,56,20,55486.61397136686
616,Tier 2,Manager,Non-Metro,61626,3,42,47,102099.90517415863
617,Tier 1,Executive,Non-Metro,56704,4,73,56,77326.30491062412
618,Tier 1,Manager,Metro,55507,3,68,49,81770.12552379686
619,Tier 2,Manager,Non-Metro,63071,2,60,19,95369.34519856844
620,Tier 1,Executive,Non-Metro,60356,4,51,55,77809.72220716998
621,Tier 1,Executive,Metro,55650,4,75,30,62505.95339165075
622,Tier 1,Manager,Metro,55291,3,56,37,102592.89266378738
623,Tier 1,Executive,Non-Metro,50234,3,42,49,75835.3382371138
624,Tier 1,Manager,Metro,57309,2,44,18,108840.13183142734
625,Tier 3,Executive,Metro,49801,1,40,59,78467.44476351594
626,Tier 3,Executive,Non-Metro,53160,1,46,29,62498.775076390135
627,Tier 1,Executive,Metro,51698,1,67,36,82885.0941567008
628,Tier 2,Executive,Metro,69671,3,36,33,67675.98977162778
629,Tier 1,Executive,Metro,62309,4,61,58,87098.07492602082
630,Tier 3,Manager,Non-Metro,62634,1,56,44,99438.63137744923
631,Tier 1,Executive,Metro,64138,4,35,53,72864.74499609602
632,Tier 1,Executive,Metro,51339,3,75,24,72905.04706935791
633,Tier 2,Executive,Non-Metro,56337,3,78,29,69201.42474745195
634,Tier 1,Executive,Metro,47655,2,80,40,76955.42031111775
635,Tier 1,Executive,Metro,63372,3,43,51,82767.25436208308
636,Tier 1,Executive,Metro,63512,3,43,64,85418.25339926648
637,Tier 3,Executive,Non-Metro,47893,1,53,19,66799.88813135956
638,Tier 1,Executive,Non-Metro,63895,1,80,35,83672.86359495978
639,Tier 1,Manager,Metro,52623,1,47,39,80856.10877838264
640,Tier 2,Executive,Metro,58616,4,38,56,70153.22498692392
641,Tier 1,Executive,Metro,65363,3,79,33,73418.48088837082
642,Tier 3,Manager,Metro,53149,1,71,42,84130.43479188898
643,Tier 1,Executive,Metro,56350,4,37,61,83817.75113604631
644,Tier 3,Executive,Non-Metro,57901,4,82,23,70462.30150812161
645,Tier 2,Executive,Metro,56632,2,46,43,85006.87988141263
646,Tier 1,Executive,Metro,53453,1,39,48,73023.46144686667
647,Tier 3,Executive,Metro,53821,2,63,39,74467.29897098283
648,Tier 1,Executive,Non-Metro,45986,4,55,40,73401.83394892277
649,Tier 1,Executive,Metro,54357,3,54,18,77579.3061522843
650,Tier 1,Executive,Non-Metro,61409,3,77,58,78989.15857748399
651,Tier 2,Executive,Non-Metro,66330,4,44,49,68736.40913732143
652,Tier 2,Executive,Non-Metro,64649,3,47,53,79999.26287904628
653,Tier 2,Executive,Non-Metro,52136,4,77,48,63749.72988334658
654,Tier 2,Executive,Non-Metro,60103,3,74,45,74810.6588020053
655,Tier 2,Executive,Non-Metro,62521,1,70,59,77733.2728429076
656,Tier 2,Manager,Non-Metro,49103,1,80,52,81128.87705246042
657,Tier 1,Executive,Non-Metro,71328,1,65,26,77695.8346042267
658,Tier 3,Executive,Metro,58953,4,46,27,64535.00030995234
659,Tier 1,Executive,Non-Metro,59927,2,51,48,87640.58488814389
660,Tier 1,Executive,Non-Metro,49840,3,37,57,69511.74556313684
661,Tier 2,Executive,Metro,67431,3,46,37,66775.80464653476
662,Tier 2,Executive,Non-Metro,45910,3,44,57,82368.08299634003
663,Tier 1,Executive,Non-Metro,51683,3,55,32,62070.14711195359
664,Tier 2,Executive,Metro,54298,4,44,18,69619.85347057579
665,Tier 2,Manager,Non-Metro,49209,3,59,64,78320.20743973645
666,Tier 2,Manager,Metro,62631,2,68,43,105727.87007089121
667,Tier 1,Executive,Metro,55394,1,61,49,79057.80736594582
668,Tier 3,Manager,Non-Metro,57876,2,39,40,99227.71424227738
669,Tier 1,Manager,Metro,60476,1,85,62,113212.07480504243
670,Tier 2,Executive,Non-Metro,53787,2,42,40,66886.62886544796
671,Tier 2,Executive,Metro,59116,1,81,30,63751.996398288546
672,Tier 1,Executive,Non-Metro,53671,2,65,29,68221.29245146198
673,Tier 2,Executive,Metro,55289,2,75,36,60479.665066505324
674,Tier 2,Executive,Non-Metro,52987,1,52,41,68586.39869224091
675,Tier 2,Manager,Non-Metro,71473,4,84,44,92655.27607018591
676,Tier 3,Executive,Metro,45893,3,70,45,66715.59975809835
677,Tier 2,Executive,Non-Metro,63091,3,68,55,77143.38865467168
678,Tier 3,Manager,Metro,56830,1,84,60,108471.67710494915
679,Tier 1,Executive,Metro,64221,1,55,56,91904.16502840706
680,Tier 3,Executive,Non-Metro,50761,2,62,49,72795.43905965237
681,Tier 1,Executive,Non-Metro,44663,1,61,21,67584.07113960329
682,Tier 1,Executive,Metro,47451,1,44,19,64086.37431775404
683,Tier 1,Manager,Metro,60917,3,69,39,101886.27827375659
684,Tier 3,Executive,Metro,47576,4,68,53,66654.11484491745
685,Tier 1,Executive,Non-Metro,40632,2,61,33,71017.54121450236
686,Tier 1,Executive,Metro,53942,1,44,53,79333.45634102458
687,Tier 1,Executive,Metro,50105,4,74,42,76594.04464123416
688,Tier 2,Executive,Metro,63562,3,41,40,79720.01898520808
689,Tier 1,Executive,Non-Metro,49275,3,38,47,84809.16555818294
690,Tier 2,Manager,Metro,52857,2,49,27,87581.32667867372
691,Tier 1,Executive,Metro,52889,2,80,21,61991.122096514395
692,Tier 1,Executive,Metro,63893,3,73,47,79299.73640725181
693,Tier 3,Executive,Metro,58001,1,82,20,63021.1773408038
694,Tier 3,Executive,Metro,48539,2,59,24,62387.2785236945
695,Tier 1,Executive,Non-Metro,62261,4,39,27,59214.245877587215
696,Tier 3,Executive,Non-Metro,66242,2,81,26,62441.31967571086
697,Tier 1,Executive,Non-Metro,61262,2,82,53,91266.26922211988
698,Tier 2,Manager,Metro,61930,1,76,41,96932.91896067176
699,Tier 3,Executive,Metro,58204,2,82,56,69392.13343726167
700,Tier 2,Executive,Non-Metro,66907,3,64,23,70599.9148306431
701,Tier 2,Executive,Non-Metro,60810,4,57,21,62927.78656935113
702,Tier 1,Executive,Non-Metro,71549,4,47,50,83116.20710899055
703,Tier 2,Executive,Metro,63687,3,65,53,79063.47699652011
704,Tier 3,Executive,Non-Metro,55575,2,76,34,66913.21723159193
705,Tier 3,Executive,Non-Metro,51340,3,53,47,62978.35870204453
706,Tier 1,Executive,Non-Metro,55989,1,61,33,73229.99839948304
707,Tier 2,Manager,Non-Metro,61656,3,51,51,92299.77217104199
708,Tier 3,Executive,Metro,53303,2,57,49,71335.90974708363
709,Tier 1,Executive,Non-Metro,52308,4,46,31,75515.44757044937
710,Tier 1,Executive,Non-Metro,50961,2,74,36,67015.80029596548
711,Tier 2,Executive,Metro,64693,4,64,18,57202.88902574113
712,Tier 2,Executive,Non-Metro,53444,3,49,50,73486.99442644876
713,Tier 3,Executive,Non-Metro,50977,2,39,43,69543.9517586347
714,Tier 1,Executive,Metro,64679,3,84,20,71605.71515483821
715,Tier 1,Executive,Non-Metro,46192,1,45,24,61873.12367206077
716,Tier 1,Executive,Metro,51157,1,74,60,86136.48184513576
717,Tier 3,Executive,Non-Metro,50975,1,84,49,71254.94477715471
718,Tier 3,Executive,Metro,44522,4,75,60,73051.32185491956
719,Tier 3,Executive,Non-Metro,66466,4,82,51,67802.32744199307
720,Tier 3,Executive,Non-Metro,57809,4,73,58,75308.27856636408
721,Tier 1,Executive,Non-Metro,64865,3,37,51,68233.5806422156
722,Tier 1,Executive,Metro,64419,3,54,53,76205.05217030166
723,Tier 1,Executive,Metro,61665,4,85,62,77770.16699313067
724,Tier 1,Executive,Metro,58401,4,48,19,65546.96272182914
725,Tier 1,Executive,Non-Metro,56452,3,58,50,79834.41727327788
726,Tier 2,Manager,Non-Metro,59079,4,83,30,89784.94559230987
727,Tier 3,Executive,Metro,57178,1,49,41,62471.08762256571
728,Tier 1,Manager,Non-Metro,43154,1,41,29,73960.69889973315
729,Tier 1,Executive,Non-Metro,66113,4,78,18,62118.85089218611
730,Tier 2,Executive,Non-Metro,61367,4,53,41,68783.96497959968
731,Tier 2,Manager,Metro,50269,3,59,35,74956.51719704061
732,Tier 1,Executive,Metro,49579,3,68,53,75501.92008622321
733,Tier 1,Executive,Non-Metro,59535,1,74,24,66900.02088722614
734,Tier 1,Executive,Non-Metro,50357,2,42,48,67920.59916796026
735,Tier 1,Executive,Non-Metro,59413,1,66,59,84043.42552256874
736,Tier 3,Executive,Non-Metro,62127,4,65,49,68574.13099701665
737,Tier 2,Manager,Non-Metro,64762,1,63,37,89205.84490567094
738,Tier 1,Executive,Metro,49361,3,82,26,77401.55545120803
739,Tier 1,Manager,Metro,61256,2,65,23,107835.83580634493
740,Tier 1,Manager,Metro,63258,2,57,29,110711.6485181406
741,Tier 1,Executive,Metro,52271,3,77,45,76233.83370210417
742,Tier 2,Manager,Metro,59081,3,62,27,65293.58007087889
743,Tier 1,Manager,Metro,63947,4,50,53,104204.57002519257
744,Tier 2,Executive,Non-Metro,47765,3,64,31,67385.20918857772
745,Tier 3,Executive,Metro,56001,3,46,50,65581.334460883
746,Tier 3,Executive,Non-Metro,53097,4,75,50,59911.01632815379
747,Tier 1,Executive,Metro,55213,2,55,34,82878.08789913553
748,Tier 3,Executive,Metro,46248,4,38,19,57703.78302481639
749,Tier 1,Executive,Non-Metro,64931,4,70,47,73093.08809321628
750,Tier 3,Executive,Metro,52432,2,57,28,64475.06794479342
751,Tier 2,Manager,Non-Metro,46681,1,64,37,69477.90333265776
752,Tier 3,Executive,Metro,53992,3,72,21,63291.769379261
753,Tier 3,Executive,Metro,61431,4,45,64,82384.89170352662
754,Tier 2,Executive,Non-Metro,43343,4,80,58,70164.11951475144
755,Tier 1,Executive,Metro,55168,3,82,24,78091.05473479907
756,Tier 1,Executive,Metro,57128,4,77,31,79414.17700767731
757,Tier 1,Executive,Non-Metro,49004,2,73,39,75738.92080653275
758,Tier 2,Manager,Non-Metro,55294,3,68,47,74594.62195058296
759,Tier 1,Executive,Metro,60466,2,84,30,64052.01499407758
760,Tier 2,Manager,Metro,68023,3,54,18,92851.94007926028
761,Tier 1,Executive,Non-Metro,56831,2,47,22,59150.61522291838
762,Tier 1,Executive,Metro,60909,3,67,23,68466.49490432336
763,Tier 1,Manager,Metro,54744,4,62,33,85461.75225429755
764,Tier 1,Executive,Metro,54660,3,43,27,75374.5985357178
765,Tier 1,Executive,Non-Metro,55085,1,59,45,69720.35202917567
766,Tier 3,Executive,Non-Metro,54021,3,60,57,74557.87817027551
767,Tier 1,Executive,Metro,57988,3,67,47,80463.19735584327
768,Tier 1,Executive,Non-Metro,53563,2,82,42,71950.14938686711
769,Tier 1,Executive,Non-Metro,65041,3,35,64,79054.08904232609
770,Tier 3,Executive,Non-Metro,49106,4,64,38,63268.58700707359
771,Tier 1,Executive,Metro,60296,2,56,61,96256.60097034561
772,Tier 1,Executive,Non-Metro,52516,2,55,53,68076.23443243025
773,Tier 1,Executive,Non-Metro,62913,4,55,44,81307.62639078955
774,Tier 3,Manager,Non-Metro,56259,2,37,19,76235.42289430783
775,Tier 3,Executive,Metro,58635,2,76,41,64401.60628762882
776,Tier 2,Executive,Metro,58393,2,54,51,81726.79964081383
777,Tier 3,Executive,Metro,56343,3,58,40,75930.73037255045
778,Tier 1,Executive,Metro,69103,3,61,45,81819.77520394919
779,Tier 2,Executive,Metro,56302,2,78,35,62792.65115870357
780,Tier 3,Executive,Metro,58682,4,56,53,73479.73895335819
781,Tier 1,Manager,Metro,44755,4,79,30,73291.90392844738
782,Tier 2,Executive,Metro,68087,2,48,18,66140.3836796247
783,Tier 2,Executive,Metro,61111,3,67,51,71038.65228694896
784,Tier 1,Manager,Non-Metro,53210,1,40,50,92436.86118251075
785,Tier 2,Executive,Non-Metro,56411,2,56,31,62441.058528689166
786,Tier 1,Executive,Non-Metro,49618,3,79,35,73044.66441556417
787,Tier 1,Executive,Metro,59442,2,72,60,74787.18435965666
788,Tier 3,Executive,Metro,61362,2,51,21,62090.11311372353
789,Tier 1,Executive,Metro,42655,2,70,29,71426.62525810715
790,Tier 2,Executive,Non-Metro,51003,4,74,62,76961.05501287752
791,Tier 2,Executive,Non-Metro,62984,1,38,39,72415.05497953403
792,Tier 1,Executive,Metro,55600,4,58,19,73330.7771879549
793,Tier 1,Executive,Non-Metro,52226,2,61,22,64833.3875814709
794,Tier 2,Manager,Metro,46979,1,66,53,75738.71620996232
795,Tier 3,Executive,Non-Metro,59752,3,46,39,71427.1606567063
796,Tier 3,Manager,Metro,49839,1,81,27,78089.71985998991
797,Tier 2,Executive,Metro,68797,2,79,30,71340.34136018908
798,Tier 1,Executive,Non-Metro,50705,3,52,30,62955.460124656325
799,Tier 1,Executive,Non-Metro,55987,4,50,58,69343.88680096011
800,Tier 1,Manager,Metro,51256,4,75,33,73503.97590508813
801,Tier 2,Executive,Non-Metro,51639,1,69,42,60460.06826632456
802,Tier 2,Executive,Non-Metro,59523,2,55,64,73467.45779495448
803,Tier 1,Executive,Metro,46380,1,62,21,70752.07564380081
804,Tier 2,Manager,Non-Metro,71123,4,57,18,100497.31484933507
805,Tier 2,Executive,Metro,48611,4,61,23,70232.89652165808
806,Tier 3,Executive,Non-Metro,57328,4,65,45,60284.57755598575
807,Tier 3,Executive,Non-Metro,63521,4,82,40,82780.39422594715
808,Tier 3,Executive,Non-Metro,57604,3,82,19,65275.61620882375
809,Tier 2,Executive,Metro,59305,4,78,18,74275.10208319219
810,Tier 1,Executive,Metro,47312,4,75,25,71026.40204325171
811,Tier 1,Executive,Non-Metro,54513,3,82,46,80991.2090776846
812,Tier 3,Executive,Non-Metro,63523,3,45,33,58048.11778247909
813,Tier 2,Executive,Metro,48852,1,76,54,68903.48180180987
814,Tier 1,Executive,Metro,44096,3,60,28,79412.81720845604
815,Tier 2,Executive,Metro,58892,2,79,36,65165.85850956534
816,Tier 2,Executive,Non-Metro,54118,2,50,20,56178.11290204874
817,Tier 3,Executive,Non-Metro,44960,4,42,24,61624.90052723074
818,Tier 1,Executive,Metro,58422,2,54,23,75585.98077074788
819,Tier 1,Manager,Non-Metro,49329,4,46,47,85420.68721081107
820,Tier 3,Manager,Non-Metro,59455,4,43,33,112797.03329280994
821,Tier 1,Executive,Metro,62637,2,65,45,69816.62682979344
822,Tier 3,Executive,Metro,45637,4,37,26,70626.0904372374
823,Tier 2,Executive,Non-Metro,59481,4,77,18,64189.892642357474
824,Tier 2,Executive,Non-Metro,57100,2,54,44,65875.30685200948
825,Tier 3,Executive,Metro,49702,2,85,60,76284.19206897795
826,Tier 1,Executive,Non-Metro,54415,3,75,64,73791.07793807503
827,Tier 2,Manager,Metro,52110,1,67,56,98530.3866789958
828,Tier 1,Manager,Metro,49570,4,72,36,83977.23773496793
829,Tier 1,Manager,Metro,60301,3,66,41,100861.5119865879
830,Tier 3,Executive,Metro,43612,3,48,39,71010.86265168915
831,Tier 1,Executive,Metro,59933,3,77,63,80641.20186141186
832,Tier 3,Executive,Non-Metro,53563,3,69,36,55882.25585144307
833,Tier 3,Executive,Non-Metro,50705,3,74,28,55436.85338582649
834,Tier 3,Executive,Metro,56493,1,73,58,74613.29649587236
835,Tier 3,Executive,Metro,61040,3,54,36,78423.9388177773
836,Tier 2,Executive,Metro,58049,2,51,42,65084.42700236284
837,Tier 1,Executive,Metro,54506,2,65,36,68699.57806135762
838,Tier 1,Executive,Non-Metro,55502,1,47,56,81558.03426554194
839,Tier 1,Executive,Non-Metro,43496,1,57,35,59786.34017914078
840,Tier 3,Executive,Non-Metro,55109,2,68,59,62624.16020335222
841,Tier 1,Executive,Metro,52417,3,73,21,72336.44685667963
842,Tier 1,Executive,Metro,48990,4,83,59,79310.36643380606
843,Tier 2,Manager,Non-Metro,62458,2,66,23,84342.95362671709
844,Tier 2,Manager,Non-Metro,50520,1,80,57,77117.5020104946
845,Tier 1,Executive,Metro,59420,2,46,53,76789.76377796796
846,Tier 2,Manager,Non-Metro,62279,1,84,60,105013.7226192577
847,Tier 1,Executive,Non-Metro,63285,2,62,51,86109.9269163867
848,Tier 2,Executive,Metro,71756,4,67,23,72141.43492962478
849,Tier 1,Executive,Non-Metro,44682,4,44,27,62625.75214593209
850,Tier 3,Executive,Metro,57576,2,43,55,79029.7473913112
851,Tier 1,Manager,Non-Metro,58364,2,74,37,94112.48165310254
852,Tier 3,Executive,Metro,58625,1,63,61,85704.68906799298
853,Tier 1,Manager,Non-Metro,60754,2,65,46,110450.43014589434
854,Tier 1,Executive,Non-Metro,52462,3,57,53,74631.45936877873
855,Tier 1,Manager,Non-Metro,52402,3,65,49,74672.78345604154
856,Tier 1,Executive,Non-Metro,53334,1,77,20,72656.07963773042
857,Tier 2,Manager,Non-Metro,62455,4,60,48,102188.48483556515
858,Tier 3,Manager,Metro,52388,2,40,25,81777.6036375305
859,Tier 2,Executive,Non-Metro,52322,1,49,25,76563.40508330714
860,Tier 1,Executive,Metro,52235,3,36,57,87812.20188443929
861,Tier 1,Manager,Non-Metro,75785,4,63,37,110338.25254589517
862,Tier 1,Executive,Non-Metro,49974,2,77,38,60572.123194714426
863,Tier 3,Executive,Non-Metro,56950,4,44,55,64365.88027525905
864,Tier 1,Executive,Non-Metro,45321,1,65,36,64269.183428891614
865,Tier 1,Executive,Metro,47794,2,50,51,70541.8681385081
866,Tier 1,Executive,Metro,53920,2,60,40,73208.37852488713
867,Tier 2,Executive,Metro,62728,4,71,18,65436.751225819404
868,Tier 1,Executive,Metro,65633,3,56,57,73353.22036669325
869,Tier 1,Executive,Metro,47254,4,83,61,83867.15982096258
870,Tier 1,Executive,Non-Metro,44699,3,75,25,57799.65760888725
871,Tier 1,Executive,Metro,59813,1,79,50,82305.51166870684
872,Tier 2,Executive,Non-Metro,54051,2,40,26,65478.94610131835
873,Tier 2,Executive,Metro,47027,3,71,42,74077.18973926366
874,Tier 1,Executive,Metro,50329,4,64,43,70299.69717787503
875,Tier 1,Executive,Metro,42581,4,62,44,75358.79085719388
876,Tier 3,Executive,Non-Metro,55895,4,40,23,61970.760418501864
877,Tier 1,Executive,Non-Metro,49123,4,53,49,93648.46704951696
878,Tier 2,Executive,Metro,62570,3,61,33,76271.87233010813
879,Tier 1,Executive,Metro,58546,4,56,41,79412.08851758915
880,Tier 1,Executive,Non-Metro,56740,1,49,37,76894.94372338732
881,Tier 1,Executive,Metro,54979,4,72,22,65489.22958737299
882,Tier 3,Executive,Metro,47472,2,77,23,60817.97197755702
883,Tier 1,Executive,Non-Metro,44468,2,85,21,69857.81341638244
884,Tier 1,Manager,Non-Metro,64930,1,66,51,114939.64543394337
885,Tier 3,Executive,Metro,54374,3,46,25,70244.2481815747
886,Tier 2,Manager,Metro,56541,2,55,32,83707.39454705411
887,Tier 1,Manager,Metro,57679,4,70,57,87477.22953907098
888,Tier 3,Executive,Non-Metro,54712,1,49,36,64010.15861398737
889,Tier 1,Executive,Metro,63180,2,63,22,82469.1630637739
890,Tier 3,Executive,Metro,60270,4,69,57,70126.62967138084
891,Tier 3,Manager,Non-Metro,47495,4,38,64,80020.80607240183
892,Tier 2,Executive,Non-Metro,55139,3,45,36,72854.0714566447
893,Tier 1,Executive,Metro,51735,3,61,54,66678.16329874558
894,Tier 2,Manager,Metro,61650,3,51,47,106083.08206346234
895,Tier 1,Executive,Metro,58586,3,39,62,75871.39128859558
896,Tier 1,Executive,Non-Metro,66002,1,83,61,74820.02149402586
897,Tier 1,Manager,Non-Metro,47266,1,61,43,84114.73751915705
898,Tier 3,Executive,Metro,47405,2,55,19,68346.91929253047
899,Tier 2,Executive,Non-Metro,64420,3,65,18,58213.88612532579
900,Tier 3,Executive,Non-Metro,43863,2,72,19,61926.90648255925
901,Tier 1,Executive,Metro,43788,4,85,49,67487.61101897532
902,Tier 2,Manager,Metro,63425,4,38,60,101535.38085060634
903,Tier 1,Executive,Metro,54728,3,37,26,63450.60184482829
904,Tier 2,Executive,Metro,57972,3,41,49,72940.89005456018
905,Tier 1,Executive,Non-Metro,63978,3,46,60,82356.55890209698
906,Tier 1,Executive,Non-Metro,57607,4,65,26,67500.35037211544
907,Tier 1,Executive,Metro,60357,3,36,27,72642.88707835578
908,Tier 2,Executive,Non-Metro,57009,3,51,44,70973.39460791678
909,Tier 1,Executive,Metro,65649,3,42,63,84786.23951533431
910,Tier 1,Manager,Non-Metro,47419,2,50,32,77614.87764526633
911,Tier 3,Executive,Metro,55922,2,77,22,71337.37182149343
912,Tier 1,Manager,Metro,61427,2,41,18,87870.74565910807
913,Tier 3,Executive,Non-Metro,55640,3,42,59,70233.93182104736
914,Tier 1,Executive,Non-Metro,55241,4,79,44,76125.83299022286
915,Tier 3,Executive,Metro,48676,1,58,33,61726.27033405162
916,Tier 2,Executive,Non-Metro,58164,4,53,24,64801.961554884765
917,Tier 3,Manager,Non-Metro,56740,4,77,43,78680.20727660313
918,Tier 1,Manager,Metro,45505,3,57,45,99918.30146464222
919,Tier 1,Executive,Non-Metro,48360,3,41,61,74265.40047186047
920,Tier 2,Executive,Non-Metro,55929,1,80,35,59047.33526110246
921,Tier 1,Executive,Non-Metro,53493,4,53,62,80458.5775261872
922,Tier 1,Executive,Non-Metro,61004,1,35,62,80531.42207965527
923,Tier 1,Executive,Metro,56939,3,75,38,75515.7441401546
924,Tier 3,Executive,Metro,57954,1,71,34,68438.24915642016
925,Tier 1,Executive,Metro,49897,4,51,43,70647.3258052523
926,Tier 1,Executive,Metro,58645,3,41,50,98335.3946002074
927,Tier 1,Executive,Non-Metro,50229,2,41,19,67718.49796635726
928,Tier 1,Executive,Non-Metro,45588,2,81,57,66422.09071780981
929,Tier 2,Executive,Non-Metro,66693,1,76,62,66501.1385469855
930,Tier 2,Executive,Metro,62665,4,37,41,78535.72989342416
931,Tier 2,Executive,Metro,69083,2,83,26,76813.49871098337
932,Tier 1,Executive,Non-Metro,54377,3,62,39,68986.80047667961
933,Tier 1,Executive,Metro,55776,3,82,46,81036.78105775046
934,Tier 1,Executive,Non-Metro,64803,4,41,45,77615.87127235408
935,Tier 2,Executive,Metro,63553,2,44,32,74583.84965975855
936,Tier 1,Executive,Non-Metro,50259,3,51,59,64959.87943381786
937,Tier 1,Executive,Metro,54908,4,73,44,94707.73957716266
938,Tier 3,Executive,Non-Metro,45698,1,78,39,67432.9978663254
939,Tier 2,Executive,Metro,49782,4,52,18,68119.11482393957
940,Tier 2,Executive,Metro,57965,2,55,53,63691.21823833607
941,Tier 2,Executive,Metro,47177,4,82,18,59812.40814159663
942,Tier 2,Executive,Non-Metro,72319,1,51,50,63538.427688782256
943,Tier 1,Executive,Non-Metro,67969,2,40,18,77435.20489863015
944,Tier 3,Executive,Metro,45487,3,37,19,68015.58819504525
945,Tier 2,Executive,Metro,64010,1,46,62,78249.35236254614
946,Tier 1,Executive,Non-Metro,59227,2,47,56,76488.50811200956
947,Tier 1,Executive,Metro,56738,3,49,42,68689.9034615793
948,Tier 1,Manager,Metro,62898,3,60,37,112310.49984773842
949,Tier 3,Executive,Metro,59175,2,82,42,71663.53383211144
950,Tier 1,Manager,Metro,57608,2,49,25,78713.90676227504
951,Tier 1,Executive,Metro,42804,2,37,57,74893.90633290229
952,Tier 2,Manager,Metro,65482,3,39,51,106633.63885396138
953,Tier 3,Executive,Non-Metro,57042,4,42,30,60644.122753800206
954,Tier 1,Manager,Metro,56350,2,74,44,104154.80809988623
955,Tier 3,Manager,Metro,50451,1,56,34,74128.75847605207
956,Tier 2,Executive,Metro,62759,3,37,31,69951.40710675581
957,Tier 2,Manager,Metro,59683,1,81,54,97523.10098068292
958,Tier 3,Executive,Metro,47381,1,48,24,73987.04280567681
959,Tier 1,Manager,Metro,63504,4,84,43,105528.86750100774
960,Tier 3,Executive,Metro,57127,4,61,48,99276.60733842495
961,Tier 3,Executive,Non-Metro,64290,1,66,19,60547.583614126495
962,Tier 1,Executive,Non-Metro,54212,4,38,29,68571.4045991489
963,Tier 2,Executive,Non-Metro,59576,1,62,63,69043.09487976674
964,Tier 1,Executive,Metro,48175,3,49,46,77795.8427271563
965,Tier 3,Executive,Metro,63797,2,37,52,86647.26071046121
966,Tier 1,Executive,Metro,48682,1,85,35,63554.03349338952
967,Tier 3,Manager,Metro,46558,3,80,51,80430.9679828301
968,Tier 3,Executive,Metro,48690,2,72,44,72842.01137481348
969,Tier 1,Executive,Metro,54340,2,53,21,65228.80405443634
970,Tier 2,Executive,Non-Metro,63711,1,73,39,65032.61649734926
971,Tier 2,Executive,Non-Metro,49427,3,40,50,67402.3776703167
972,Tier 1,Executive,Non-Metro,44122,4,85,34,69206.5948470106
973,Tier 3,Executive,Non-Metro,45932,1,84,22,55399.37524138828
974,Tier 1,Executive,Non-Metro,69670,2,62,19,64748.93154980737
975,Tier 2,Executive,Metro,65207,4,61,26,67929.17790437822
976,Tier 1,Manager,Metro,45354,3,72,29,74793.10822159858
977,Tier 2,Executive,Metro,67339,1,37,48,69262.13950376427
978,Tier 2,Executive,Metro,54440,1,53,26,61913.03526386218
979,Tier 1,Executive,Non-Metro,63423,2,54,45,70907.54635440216
980,Tier 2,Executive,Non-Metro,55621,1,57,36,63330.99592562941
981,Tier 1,Executive,Metro,46432,3,61,54,102860.4510108129
982,Tier 1,Executive,Metro,49513,1,84,34,69525.3284325535
983,Tier 1,Manager,Metro,52918,4,61,31,82323.33842084224
984,Tier 1,Executive,Non-Metro,51609,4,72,27,69498.18137027824
985,Tier 1,Executive,Metro,58698,1,42,20,75139.44385310078
986,Tier 1,Executive,Non-Metro,49215,1,35,44,66596.56119594006
987,Tier 3,Executive,Metro,50665,3,42,43,66304.01831253093
988,Tier 3,Executive,Non-Metro,49942,2,57,45,92925.37987611184
989,Tier 1,Executive,Metro,59353,1,75,34,69939.63116866957
990,Tier 1,Manager,Non-Metro,42342,2,37,24,70469.62541438104
991,Tier 1,Executive,Non-Metro,43714,4,79,26,59175.73229587064
992,Tier 1,Executive,Non-Metro,55163,4,67,38,79945.54060357416
993,Tier 1,Executive,Non-Metro,52938,2,55,50,76461.93484538332
994,Tier 2,Executive,Metro,55938,3,63,38,74774.90274514469
995,Tier 3,Manager,Non-Metro,40365,3,54,27,68402.56207502291
996,Tier 1,Executive,Non-Metro,51564,4,37,39,68158.59070825283
997,Tier 1,Executive,Non-Metro,58789,3,73,39,78067.28975104136
998,Tier 2,Executive,Non-Metro,58063,2,63,63,77986.29728337393
999,Tier 1,Executive,Non-Metro,56799,2,56,33,62165.107405844945
1000,Tier 3,Executive,Non-Metro,53629,4,68,36,69648.89683703985
1001,Tier 3,Manager,Metro,45294,4,45,30,70944.16746198018
1002,Tier 1,Manager,Metro,58036,2,83,24,92011.56736179291
1003,Tier 1,Executive,Metro,54669,2,39,24,66673.19364754928
1004,Tier 1,Executive,Metro,50452,3,42,48,91483.53124349847
1005,Tier 1,Executive,Metro,45684,3,46,47,78841.26506845905
1006,Tier 3,Executive,Metro,53872,4,56,29,70996.8782316671
1007,Tier 1,Executive,Metro,53529,1,79,28,77430.4013960589
1008,Tier 3,Manager,Metro,57125,2,81,47,89234.8690988262
1009,Tier 1,Executive,Metro,45486,1,48,25,81681.11174417716
1010,Tier 1,Executive,Metro,53134,2,68,51,80317.28653297921
1011,Tier 1,Executive,Non-Metro,49260,4,78,48,76586.36750976488
1012,Tier 2,Manager,Metro,49044,2,61,43,80955.449623857
1013,Tier 2,Executive,Non-Metro,60235,4,46,61,91425.95799637237
1014,Tier 3,Executive,Metro,60813,3,65,48,67755.36525585678
1015,Tier 1,Executive,Non-Metro,54218,4,42,38,74513.29687435203
1016,Tier 3,Executive,Metro,50083,4,72,59,65942.45379516702
1017,Tier 3,Executive,Non-Metro,44912,2,67,19,64200.498943254686
1018,Tier 1,Executive,Non-Metro,57851,1,83,26,60930.67137195932
1019,Tier 3,Executive,Non-Metro,57569,2,42,54,68285.68582206749
1020,Tier 3,Executive,Non-Metro,58670,1,43,21,76976.49364725236
1021,Tier 1,Executive,Metro,60290,1,53,51,81962.8190309599
1022,Tier 2,Manager,Non-Metro,54753,1,61,22,91972.50906133128
1023,Tier 2,Manager,Metro,65622,1,39,47,101451.10921314912
1024,Tier 2,Executive,Metro,46183,2,52,18,67435.45835296586
1025,Tier 2,Executive,Non-Metro,72661,3,74,47,70238.70480525095
1026,Tier 1,Executive,Non-Metro,58601,1,75,21,66538.08553330746
1027,Tier 3,Manager,Metro,53160,1,48,19,73791.03244837452
1028,Tier 3,Executive,Metro,44074,1,67,23,85688.2199927474
1029,Tier 1,Executive,Metro,57795,1,43,54,83521.21511821149
1030,Tier 1,Executive,Non-Metro,42750,2,76,37,71368.60470298809
1031,Tier 3,Manager,Non-Metro,52091,2,53,46,72988.20713288823
1032,Tier 2,Manager,Non-Metro,56729,4,81,55,92360.48665498589
1033,Tier 1,Executive,Non-Metro,49998,2,35,30,60154.53753154268
1034,Tier 1,Manager,Metro,45634,3,71,18,77400.43221210084
1035,Tier 3,Executive,Metro,59128,1,56,61,85083.57552467656
1036,Tier 1,Executive,Non-Metro,47026,4,71,54,71084.32165433657
1037,Tier 2,Manager,Metro,60268,3,78,22,86904.44888844439
1038,Tier 3,Manager,Non-Metro,57970,4,44,45,100715.12741345193
1039,Tier 1,Executive,Metro,55204,3,83,22,70290.09980076626
1040,Tier 3,Executive,Metro,48698,1,51,19,78933.47405721259
1041,Tier 3,Manager,Non-Metro,48779,1,79,35,69632.11370655609
1042,Tier 1,Executive,Metro,51224,2,84,18,62549.32949849
1043,Tier 1,Manager,Metro,58035,1,64,20,86581.0524756464
1044,Tier 1,Executive,Non-Metro,46857,2,39,28,59126.22208397807
1045,Tier 1,Executive,Metro,57928,3,58,55,70711.32610876233
1046,Tier 3,Manager,Non-Metro,48975,4,56,43,77684.11444071315
1047,Tier 1,Executive,Non-Metro,46945,4,53,43,63095.42185855021
1048,Tier 2,Manager,Metro,73214,4,57,22,100119.52566380106
1049,Tier 3,Executive,Non-Metro,48934,3,73,25,58063.007524864304
1050,Tier 1,Manager,Metro,59776,1,48,49,103831.71763964888
1051,Tier 3,Executive,Non-Metro,65198,4,55,44,60870.90468276227
1052,Tier 1,Executive,Metro,55202,1,56,64,74959.86168519164
1053,Tier 1,Executive,Metro,54972,1,85,49,78075.41808546305
1054,Tier 1,Manager,Metro,56927,2,79,47,93102.25099456422
1055,Tier 3,Executive,Non-Metro,46207,3,71,27,60878.730624798656
1056,Tier 3,Executive,Metro,54594,2,50,55,72363.8452693888
1057,Tier 1,Executive,Non-Metro,55117,2,59,48,72943.17226128004
1058,Tier 2,Executive,Non-Metro,53985,2,45,45,69523.01714099073
1059,Tier 2,Executive,Non-Metro,61926,2,46,24,63313.756017256164
1060,Tier 3,Executive,Metro,56184,4,58,32,66697.46835998351
1061,Tier 2,Executive,Metro,56101,3,62,24,59041.081356416165
1062,Tier 2,Executive,Metro,52401,3,48,57,73990.75820540589
1063,Tier 2,Manager,Metro,61410,4,83,59,102928.714227242
1064,Tier 3,Executive,Metro,48638,1,54,36,68374.74910310452
1065,Tier 1,Executive,Non-Metro,47527,2,77,29,58336.535717828934
1066,Tier 1,Executive,Non-Metro,45405,1,78,42,73800.36061197445
1067,Tier 2,Executive,Metro,62532,4,70,48,65021.82167252415
1068,Tier 1,Executive,Metro,71760,4,40,39,71187.52157207888
1069,Tier 3,Executive,Metro,46342,3,42,63,78936.18750900793
1070,Tier 2,Executive,Non-Metro,53031,4,68,54,64318.121742918636
1071,Tier 2,Manager,Metro,61439,2,56,37,101788.37689750498
1072,Tier 1,Executive,Metro,55130,4,54,63,76329.43472879691
1073,Tier 3,Executive,Metro,60214,3,59,21,62418.979000545485
1074,Tier 1,Executive,Non-Metro,52854,4,52,54,76868.81249804638
1075,Tier 1,Executive,Non-Metro,38765,4,72,60,80489.54765123826
1076,Tier 2,Executive,Non-Metro,56405,4,71,32,60035.100228312614
1077,Tier 1,Executive,Non-Metro,58805,1,36,47,74280.30296398317
1078,Tier 1,Executive,Metro,52168,2,40,21,70571.95946818551
1079,Tier 2,Manager,Metro,59767,2,37,28,98977.14071629592
1080,Tier 2,Executive,Metro,54644,2,40,63,74059.05709142644
1081,Tier 2,Executive,Metro,49891,4,75,18,66862.4550691492
1082,Tier 3,Executive,Metro,49405,2,76,32,62673.13867762653
1083,Tier 3,Executive,Metro,46596,1,49,38,61931.25332012392
1084,Tier 1,Executive,Metro,55954,1,67,32,75850.1258834562
1085,Tier 3,Executive,Non-Metro,53647,4,64,62,74474.81673079747
1086,Tier 1,Manager,Non-Metro,42415,3,65,39,77673.624453786
1087,Tier 1,Executive,Metro,50550,3,78,55,79909.3283017062
1088,Tier 3,Executive,Metro,51700,1,37,57,81569.9829028358
1089,Tier 2,Executive,Metro,76815,4,75,52,82684.16567897504
1090,Tier 1,Executive,Metro,42916,2,66,56,77490.52777216479
1091,Tier 2,Manager,Metro,60526,2,51,47,89985.16909084166
1092,Tier 1,Executive,Non-Metro,50140,2,42,55,77386.51057391606
1093,Tier 1,Executive,Metro,53962,1,58,23,79568.2748735169
1094,Tier 3,Manager,Non-Metro,60155,1,64,22,90213.45111717471
1095,Tier 1,Executive,Non-Metro,55621,2,51,50,71706.60144459755
1096,Tier 1,Executive,Non-Metro,52670,3,76,18,65619.69596606243
1097,Tier 1,Manager,Non-Metro,61692,4,53,51,110792.78295135192
1098,Tier 2,Executive,Metro,55209,1,84,22,62356.926050281174
1099,Tier 1,Executive,Non-Metro,57955,2,55,52,76674.91804259943
1100,Tier 2,Executive,Non-Metro,55133,3,68,25,67971.722426031
1101,Tier 1,Manager,Non-Metro,45664,3,39,33,69528.35702190045
1102,Tier 1,Executive,Metro,49258,3,37,53,82986.23268711357
1103,Tier 2,Executive,Metro,67454,2,84,29,69643.68875453058
1104,Tier 2,Executive,Metro,65689,3,36,58,80505.45848768117
1105,Tier 1,Executive,Metro,58428,3,65,37,80805.33278849989
1106,Tier 2,Executive,Non-Metro,56828,4,48,54,71673.46033641006
1107,Tier 3,Executive,Non-Metro,58460,2,41,49,72681.75044926502
1108,Tier 3,Executive,Non-Metro,50281,3,51,50,63263.768307931685
1109,Tier 1,Executive,Metro,54657,1,71,26,65020.47390889429
1110,Tier 2,Executive,Metro,47867,4,39,45,76955.95025453462
1111,Tier 1,Executive,Non-Metro,57924,1,43,54,73395.48599587224
1112,Tier 2,Manager,Metro,58912,3,85,38,103944.32120415503
1113,Tier 2,Manager,Non-Metro,52752,3,35,48,72549.46615763255
1114,Tier 3,Executive,Non-Metro,49279,1,76,28,59191.66546029893
1115,Tier 1,Executive,Metro,52642,1,85,23,66869.52344923295
1116,Tier 2,Executive,Metro,60253,3,58,55,69106.06477557794
1117,Tier 1,Executive,Metro,57597,2,52,41,68679.90882635217
1118,Tier 2,Manager,Metro,56103,1,66,25,95083.4309396458
1119,Tier 2,Manager,Metro,65653,4,49,33,94368.83157840092
1120,Tier 3,Executive,Non-Metro,49231,1,49,30,63816.55026495285
1121,Tier 1,Manager,Non-Metro,58772,4,56,23,93127.08427406948
1122,Tier 2,Executive,Metro,65684,2,79,46,65882.77216719698
1123,Tier 3,Manager,Non-Metro,63609,1,47,53,109221.39266730154
1124,Tier 1,Executive,Non-Metro,56990,3,58,27,86557.8489834849
1125,Tier 1,Manager,Non-Metro,67772,1,38,23,90785.89861265408
1126,Tier 3,Executive,Non-Metro,49925,4,64,63,64951.646570626624
1127,Tier 1,Executive,Metro,58284,1,40,55,79183.24207535268
1128,Tier 2,Executive,Non-Metro,63979,4,42,35,67563.06149284527
1129,Tier 1,Executive,Metro,55342,2,63,34,80572.82410060745
1130,Tier 1,Executive,Non-Metro,47766,1,82,19,67185.00411414578
1131,Tier 2,Executive,Non-Metro,51176,1,58,39,59186.88571259701
1132,Tier 1,Executive,Metro,74256,2,40,27,83023.18459332708
1133,Tier 1,Executive,Metro,68071,3,85,57,88690.86642412159
1134,Tier 3,Executive,Non-Metro,43991,3,63,52,65742.89405397282
1135,Tier 3,Executive,Metro,56932,3,60,28,76261.60631219219
1136,Tier 3,Executive,Non-Metro,56426,1,70,50,67726.87939348514
1137,Tier 1,Executive,Non-Metro,54155,3,70,44,78630.02689344945
1138,Tier 3,Executive,Non-Metro,43851,1,65,26,54865.59334191804
1139,Tier 2,Executive,Metro,56122,1,54,33,64557.837016165744
1140,Tier 3,Manager,Non-Metro,55131,2,42,19,93178.18734066485
1141,Tier 2,Executive,Metro,57751,1,48,50,78378.46027795991
1142,Tier 1,Executive,Non-Metro,58653,4,66,41,80073.56961809864
1143,Tier 2,Executive,Non-Metro,49004,1,69,52,89751.3538492221
1144,Tier 2,Executive,Metro,56930,3,74,39,66943.4736026754
1145,Tier 1,Executive,Metro,54247,1,49,50,85719.27031391383
1146,Tier 3,Executive,Metro,58582,1,68,52,71322.54918647838
1147,Tier 1,Manager,Metro,61709,4,39,60,117207.2440099197
1148,Tier 3,Executive,Non-Metro,58409,4,37,20,56691.32590677249
1149,Tier 1,Executive,Metro,49158,1,54,55,85505.18596311644
1150,Tier 1,Executive,Metro,63379,3,58,42,69885.18231576282
1151,Tier 1,Executive,Non-Metro,56008,2,68,18,64849.342638305025
1152,Tier 3,Executive,Non-Metro,60357,3,46,58,80065.9582586909
1153,Tier 2,Manager,Non-Metro,55592,4,79,43,93020.09307349725
1154,Tier 3,Executive,Non-Metro,56240,3,61,35,68760.12371912322
1155,Tier 3,Executive,Non-Metro,51556,4,84,48,70431.03374115324
1156,Tier 1,Executive,Non-Metro,49213,1,82,36,68388.94754817983
1157,Tier 2,Manager,Metro,65184,4,82,19,99052.83819796063
1158,Tier 3,Executive,Non-Metro,45171,3,52,23,67097.1832945404
1159,Tier 1,Executive,Non-Metro,57913,2,83,20,55293.74846932885
1160,Tier 1,Executive,Non-Metro,61365,4,78,32,63147.405952366906
1161,Tier 3,Executive,Non-Metro,58243,1,66,43,61544.456035159004
1162,Tier 2,Executive,Metro,66309,1,75,34,64938.37271495735
1163,Tier 2,Executive,Metro,64922,2,51,30,90181.89017892505
1164,Tier 1,Executive,Non-Metro,56749,1,37,18,61767.78598487382
1165,Tier 3,Executive,Non-Metro,53798,2,44,41,70241.21690366372
1166,Tier 1,Executive,Non-Metro,46468,1,74,35,70966.30117358013
1167,Tier 2,Executive,Metro,65405,4,45,57,78163.10669517354
1168,Tier 1,Executive,Non-Metro,54254,2,60,29,61216.80966455031
1169,Tier 1,Executive,Metro,62951,3,50,32,74365.35839569045
1170,Tier 3,Executive,Non-Metro,64066,4,64,37,69326.09173279165
1171,Tier 1,Manager,Metro,51461,3,74,18,72709.8632444893
1172,Tier 1,Manager,Non-Metro,49699,3,84,43,78721.30349717202
1173,Tier 2,Executive,Non-Metro,63663,4,44,56,64125.55797857107
1174,Tier 3,Executive,Metro,53866,3,40,38,72441.00589667582
1175,Tier 3,Executive,Metro,55074,3,79,29,67749.38943141005
1176,Tier 1,Executive,Non-Metro,50177,3,58,22,60864.10072315554
1177,Tier 3,Manager,Non-Metro,50204,4,49,52,69110.7472751103
1178,Tier 1,Executive,Non-Metro,54135,2,70,40,58680.23185043531
1179,Tier 1,Executive,Non-Metro,63207,2,84,23,71112.14337529181
1180,Tier 2,Manager,Metro,50297,2,39,31,67527.15019371011
1181,Tier 1,Executive,Non-Metro,67699,2,81,42,80017.56001976354
1182,Tier 3,Executive,Non-Metro,53635,4,61,24,66094.08435709742
1183,Tier 1,Executive,Non-Metro,57135,2,62,25,61164.73859951143
1184,Tier 1,Executive,Non-Metro,54256,4,83,48,68986.00038075288
1185,Tier 2,Manager,Non-Metro,56796,3,81,23,78555.43397729076
1186,Tier 1,Executive,Metro,50007,4,35,45,69125.34219909375
1187,Tier 3,Manager,Metro,56229,3,76,20,101915.59928581776
1188,Tier 3,Executive,Non-Metro,54621,2,52,62,74204.18914273566
1189,Tier 1,Manager,Non-Metro,46454,2,44,43,80042.53044503955
1190,Tier 1,Executive,Non-Metro,52886,2,60,23,71190.67247728976
1191,Tier 3,Executive,Non-Metro,60025,2,54,31,71258.47776825381
1192,Tier 1,Executive,Non-Metro,49743,4,63,41,77869.10478599009
1193,Tier 1,Executive,Non-Metro,60429,1,35,58,88297.2224154972
1194,Tier 3,Executive,Non-Metro,65477,2,36,48,63825.21429375565
1195,Tier 3,Executive,Non-Metro,42093,3,46,31,63799.66222539917
1196,Tier 3,Executive,Non-Metro,54529,1,77,19,80699.81876267452
1197,Tier 3,Manager,Non-Metro,58513,3,84,19,96121.85720847055
1198,Tier 2,Executive,Metro,58339,3,49,41,70172.6481615052
1199,Tier 3,Executive,Metro,59279,2,52,40,73150.10742702786
1200,Tier 1,Executive,Non-Metro,51921,1,35,31,73183.35303342315
1201,Tier 3,Executive,Metro,52761,2,41,37,64003.56953562535
1202,Tier 3,Executive,Metro,65318,3,72,46,67462.72865295943
1203,Tier 3,Executive,Metro,57269,2,80,22,65914.61928150801
1204,Tier 1,Executive,Metro,55593,1,82,51,74420.59864268349
1205,Tier 2,Manager,Non-Metro,53100,3,59,18,78046.29873428657
1206,Tier 3,Executive,Metro,41628,1,76,35,62015.94642365888
1207,Tier 1,Executive,Non-Metro,61245,4,47,59,95876.25469533332
1208,Tier 1,Manager,Metro,62568,2,39,36,94030.29011802748
1209,Tier 1,Manager,Non-Metro,48402,4,47,37,81043.15254579611
1210,Tier 1,Executive,Metro,58434,4,65,59,70821.12076022597
1211,Tier 3,Executive,Metro,54097,2,37,36,76870.59756393274
1212,Tier 2,Executive,Metro,63767,3,35,39,92160.39654255757
1213,Tier 1,Executive,Metro,50441,1,84,18,66181.92791529748
1214,Tier 1,Executive,Non-Metro,55296,4,43,52,69732.87496769796
1215,Tier 3,Executive,Non-Metro,53330,4,39,27,61239.848855759454
1216,Tier 1,Executive,Metro,66173,3,52,18,84956.21446745087
1217,Tier 2,Executive,Metro,52744,4,80,40,67304.58826454314
1218,Tier 2,Executive,Metro,61383,4,61,29,67320.63200807697
1219,Tier 1,Manager,Non-Metro,60448,4,60,46,112779.39615619485
1220,Tier 3,Executive,Non-Metro,55152,1,35,38,63921.31041774536
1221,Tier 1,Executive,Non-Metro,42355,3,76,30,64636.86563487801
1222,Tier 2,Executive,Metro,53884,1,63,40,73543.94245704956
1223,Tier 2,Executive,Metro,49963,2,46,50,74265.13553345155
1224,Tier 2,Manager,Non-Metro,53902,3,47,20,90466.73984884041
1225,Tier 1,Executive,Metro,44974,2,61,41,62808.79897062172
1226,Tier 2,Executive,Non-Metro,61732,1,66,33,60602.081784643204
1227,Tier 1,Executive,Metro,42170,1,52,38,65191.423986513066
1228,Tier 2,Executive,Metro,62831,3,85,42,70825.2445725578
1229,Tier 2,Executive,Metro,57686,4,65,56,74778.0913788545
1230,Tier 1,Executive,Metro,57254,1,70,58,71638.59805090318
1231,Tier 3,Manager,Metro,60298,1,47,52,123416.99427065808
1232,Tier 1,Manager,Non-Metro,47335,2,52,20,73270.91680136227
1233,Tier 3,Executive,Non-Metro,54452,3,40,54,65218.68501857463
1234,Tier 1,Executive,Metro,49086,4,80,58,78946.56632240447
1235,Tier 2,Executive,Non-Metro,57475,4,64,45,72715.71825397134
1236,Tier 3,Executive,Metro,60056,3,68,26,57304.091464404
1237,Tier 1,Executive,Non-Metro,42227,4,62,63,74288.11713282553
1238,Tier 3,Executive,Non-Metro,51636,3,77,58,62720.14481225574
1239,Tier 1,Executive,Metro,52099,4,49,37,66978.71549924563
1240,Tier 2,Executive,Non-Metro,64898,1,65,25,53486.69462346541
1241,Tier 2,Manager,Metro,67907,2,74,52,113508.79797850997
1242,Tier 2,Manager,Metro,62908,4,41,64,107149.0162005287
1243,Tier 3,Executive,Non-Metro,50268,4,37,22,62997.46420861641
1244,Tier 2,Executive,Non-Metro,55183,2,78,28,64495.67387762581
1245,Tier 2,Executive,Metro,61183,4,67,18,60461.925942199254
1246,Tier 1,Executive,Metro,45023,2,39,28,65800.20195782976
1247,Tier 1,Executive,Non-Metro,52364,3,77,45,65458.43717390266
1248,Tier 1,Executive,Metro,55788,3,70,33,79389.32697964305
1249,Tier 2,Executive,Non-Metro,69032,4,46,18,56675.945823497794
1250,Tier 1,Manager,Metro,59439,1,77,32,108591.11289217995
1251,Tier 1,Manager,Metro,53547,3,82,24,88400.4827435631
1252,Tier 1,Executive,Metro,40996,3,37,19,74415.20283506552
1253,Tier 1,Manager,Metro,48796,4,85,20,77569.74478579078
1254,Tier 1,Executive,Non-Metro,56829,4,74,40,81195.85535464296
1255,Tier 2,Executive,Non-Metro,54748,1,68,34,69403.40782372332
1256,Tier 1,Executive,Non-Metro,60337,1,37,42,71376.41584188714
1257,Tier 3,Executive,Non-Metro,59176,3,35,51,67273.9769586163
1258,Tier 3,Executive,Non-Metro,55672,1,43,54,71726.70880385092
1259,Tier 3,Executive,Metro,63448,2,76,55,94510.72964634674
1260,Tier 1,Executive,Non-Metro,50429,2,41,52,75993.46502734473
1261,Tier 1,Executive,Non-Metro,41989,4,48,32,62216.45101436707
1262,Tier 1,Executive,Metro,63087,1,66,28,70052.79463060232
1263,Tier 2,Executive,Non-Metro,50400,4,76,41,62229.28775609026
1264,Tier 1,Executive,Non-Metro,50106,2,66,43,71532.80740003822
1265,Tier 1,Executive,Non-Metro,59860,2,54,49,78562.34743568912
1266,Tier 2,Manager,Metro,44965,2,77,64,83414.05231583373
1267,Tier 1,Executive,Non-Metro,55558,4,68,55,66632.82885648686
1268,Tier 1,Manager,Metro,57337,3,76,24,88044.34793157683
1269,Tier 1,Executive,Non-Metro,55210,1,80,20,62180.74258308405
1270,Tier 1,Executive,Metro,51416,1,84,45,73874.69843354274
1271,Tier 3,Executive,Metro,55875,4,76,26,67488.08296349163
1272,Tier 3,Executive,Non-Metro,58333,1,38,25,66935.0693863728
1273,Tier 2,Executive,Metro,46631,2,56,43,69919.87483920726
1274,Tier 2,Executive,Metro,47633,2,62,35,63618.7971797323
1275,Tier 2,Manager,Metro,47460,4,82,26,74837.72440356883
1276,Tier 1,Executive,Metro,50315,2,46,57,77795.3426781445
1277,Tier 1,Executive,Non-Metro,54384,1,76,22,74948.1725353316
1278,Tier 3,Executive,Non-Metro,59354,4,72,32,60200.17761204331
1279,Tier 1,Manager,Metro,52881,3,57,39,87630.95380152932
1280,Tier 3,Executive,Non-Metro,56763,3,38,25,58983.455856911656
1281,Tier 2,Executive,Non-Metro,61870,1,42,48,65467.756815862806
1282,Tier 3,Manager,Non-Metro,55180,2,73,47,79153.15172765181
1283,Tier 1,Manager,Non-Metro,50723,1,59,18,80841.08400049432
1284,Tier 2,Executive,Metro,53125,1,42,18,60333.57108354569
1285,Tier 1,Manager,Metro,65519,3,55,61,117307.698807636
1286,Tier 1,Executive,Non-Metro,54005,1,78,47,72128.85694621685
1287,Tier 1,Executive,Non-Metro,41862,2,41,28,65494.51133228217
1288,Tier 1,Executive,Non-Metro,52694,1,36,36,68185.4282058585
1289,Tier 1,Manager,Metro,66148,2,41,20,111739.65454333875
1290,Tier 2,Executive,Metro,64193,1,78,44,75081.97379834557
1291,Tier 1,Executive,Non-Metro,44023,3,53,38,62231.54372117046
1292,Tier 1,Manager,Metro,62788,4,55,19,89010.899257001
1293,Tier 2,Executive,Metro,52880,1,64,21,60310.879348719485
1294,Tier 3,Executive,Metro,47404,4,66,46,68071.37069137726
1295,Tier 1,Executive,Metro,53042,3,83,58,84687.71582073993
1296,Tier 1,Executive,Metro,50887,4,37,20,63597.09004737173
1297,Tier 1,Executive,Metro,52604,3,82,18,75098.21570501247
1298,Tier 2,Executive,Non-Metro,53239,4,78,28,67381.6066092735
1299,Tier 3,Executive,Metro,51444,2,42,33,67500.55423801608
1300,Tier 3,Executive,Non-Metro,54855,3,53,19,60631.233901844185
1301,Tier 2,Manager,Metro,59883,4,40,45,119585.4894836199
1302,Tier 3,Manager,Metro,58204,4,36,62,101108.85553936151
1303,Tier 1,Executive,Non-Metro,50670,1,41,25,68130.71873971858
1304,Tier 1,Manager,Metro,53045,3,47,43,105077.70494533448
1305,Tier 1,Manager,Metro,47753,4,73,42,90597.18487021845
1306,Tier 2,Executive,Non-Metro,49240,2,67,24,60020.12678538647
1307,Tier 1,Manager,Non-Metro,47842,1,77,29,83103.77259680025
1308,Tier 3,Manager,Metro,49427,1,82,32,86755.7929848136
1309,Tier 1,Manager,Non-Metro,54876,3,82,25,90608.40514166199
1310,Tier 1,Executive,Metro,55179,4,54,41,72895.6726309644
1311,Tier 3,Executive,Metro,47650,2,49,42,72634.97875636377
1312,Tier 3,Executive,Non-Metro,52669,2,84,33,66633.05894656657
1313,Tier 1,Executive,Metro,64069,2,40,34,76812.8120874135
1314,Tier 1,Manager,Non-Metro,56004,1,69,19,92433.882702718
1315,Tier 3,Manager,Non-Metro,46000,4,64,30,63148.616440233396
1316,Tier 1,Executive,Metro,50518,3,75,18,82046.22626645674
1317,Tier 1,Executive,Non-Metro,50130,2,40,19,54356.94538575577
1318,Tier 2,Executive,Metro,76070,2,54,18,58309.55542364881
1319,Tier 1,Executive,Metro,60495,3,47,35,84676.05261773837
1320,Tier 3,Executive,Non-Metro,50935,2,67,39,66054.38838680957
1321,Tier 3,Executive,Metro,60109,2,47,31,61396.479406571474
1322,Tier 1,Manager,Metro,55145,4,38,62,82190.51521620764
1323,Tier 2,Executive,Metro,62619,1,77,62,71767.6732485792
1324,Tier 2,Manager,Non-Metro,61299,4,72,42,103103.64493413837
1325,Tier 3,Executive,Metro,47058,4,53,31,62076.84768793107
1326,Tier 1,Executive,Metro,59344,1,64,61,84601.54125214365
1327,Tier 1,Executive,Non-Metro,61239,4,85,42,69545.88079943963
1328,Tier 2,Executive,Metro,57311,3,54,51,66931.93484234522
1329,Tier 1,Executive,Non-Metro,47080,4,66,23,84688.33049245384
1330,Tier 1,Executive,Metro,59189,4,45,52,82670.84973555234
1331,Tier 2,Executive,Non-Metro,46452,4,83,57,70993.96710556443
1332,Tier 1,Executive,Non-Metro,58254,4,42,23,73463.16278295885
1333,Tier 1,Executive,Non-Metro,72649,3,69,52,78861.45782009544
1334,Tier 3,Executive,Metro,59661,4,68,50,69712.40365523969
1335,Tier 1,Executive,Non-Metro,53714,1,67,18,69298.75009932918
1336,Tier 2,Executive,Non-Metro,61957,1,47,18,66397.77068648915
1337,Tier 1,Executive,Non-Metro,53203,3,69,21,64044.38294859403
1338,Tier 3,Manager,Non-Metro,51820,1,47,61,83346.06096108873
